timestamp,hard_xray_flux,energy_band,hel1os_channel,background_subtracted,background_level,exposure_time,payload_version
2026-01-01 00:00:00+00:00,1.0386099888017041e-09,25-100 keV,HXR-3,True,1e-09,1.0,1.0.0
2026-01-01 00:05:00+00:00,8.637277850829009e-10,25-100 keV,HXR-3,True,1e-09,1.0,1.0.0
2026-01-01 00:10:00+00:00,9.432245340911767e-10,25-100 keV,HXR-3,True,1e-09,1.0,1.0.0
2026-01-01 00:15:00+00:00,9.197626601836645e-10,25-100 keV,HXR-3,True,1e-09,1.0,1.0.0
2026-01-01 00:20:00+00:00,1.1287110019107438e-09,25-100 keV,HXR-3,True,1e-09,1.0,1.0.0
2026-01-01 00:25:00+00:00,9.38048502652791e-10,25-100 keV,HXR-3,True,1e-09,1.0,1.0.0
2026-01-01 00:30:00+00:00,1.0747282876730924e-09,25-100 keV,HXR-3,True,1e-09,1.0,1.0.0
2026-01-01 00:35:00+00:00,1.3015298871357979e-09,25-100 keV,HXR-3,True,1e-09,1.0,1.0.0
2026-01-01 00:40:00+00:00,1.1894292316776482e-09,25-100 keV,HXR-3,True,1e-09,1.0,1.0.0
2026-01-01 00:45:00+00:00,9.34117771469855e-10,25-100 keV,HXR-3,True,1e-09,1.0,1.0.0
2026-01-01 00:50:00+00:00,9.480343160517024e-10,25-100 keV,HXR-3,True,1e-09,1.0,1.0.0
2026-01-01 00:55:00+00:00,1.068297948933587e-09,25-100 keV,HXR-3,True,1e-09,1.0,1.0.0
2026-01-01 01:00:00+00:00,7.497005939479552e-10,25-100 keV,HXR-3,True,1e-09,1.0,1.0.0
2026-01-01 01:05:00+00:00,8.706871757485281e-10,25-100 keV,HXR-3,True,1e-09,1.0,1.0.0
2026-01-01 01:10:00+00:00,1.0739366272185613e-09,25-100 keV,HXR-3,True,1e-09,1.0,1.0.0
2026-01-01 01:15:00+00:00,9.813529905781771e-10,25-100 keV,HXR-3,True,1e-09,1.0,1.0.0
2026-01-01 01:20:00+00:00,1.2902704431100515e-09,25-100 keV,HXR-3,True,1e-09,1.0,1.0.0
2026-01-01 01:25:00+00:00,9.072336017523418e-10,25-100 keV,HXR-3,True,1e-09,1.0,1.0.0
2026-01-01 01:30:00+00:00,8.429741520677414e-10,25-100 keV,HXR-3,True,1e-09,1.0,1.0.0
2026-01-01 01:35:00+00:00,8.665573617009697e-10,25-100 keV,HXR-3,True,1e-09,1.0,1.0.0
2026-01-01 01:40:00+00:00,1.0021060805795693e-09,25-100 keV,HXR-3,True,1e-09,1.0,1.0.0
2026-01-01 01:45:00+00:00,9.758755470751325e-10,25-100 keV,HXR-3,True,1e-09,1.0,1.0.0
2026-01-01 01:50:00+00:00,1.334553947324791e-09,25-100 keV,HXR-3,True,1e-09,1.0,1.0.0
2026-01-01 01:55:00+00:00,9.401326422211716e-10,25-100 keV,HXR-3,True,1e-09,1.0,1.0.0
2026-01-01 02:00:00+00:00,1.0081666845046858e-09,25-100 keV,HXR-3,True,1e-09,1.0,1.0.0
2026-01-01 02:05:00+00:00,1.132627272279268e-09,25-100 keV,HXR-3,True,1e-09,1.0,1.0.0
2026-01-01 02:10:00+00:00,9.8380291579856e-10,25-100 keV,HXR-3,True,1e-09,1.0,1.0.0
2026-01-01 02:15:00+00:00,1.083341047637773e-09,25-100 keV,HXR-3,True,1e-09,1.0,1.0.0
2026-01-01 02:20:00+00:00,1.0592359953925266e-09,25-100 keV,HXR-3,True,1e-09,1.0,1.0.0
2026-01-01 02:25:00+00:00,1.1255807533970947e-09,25-100 keV,HXR-3,True,1e-09,1.0,1.0.0
2026-01-01 02:30:00+00:00,7.888182744405135e-10,25-100 keV,HXR-3,True,1e-09,1.0,1.0.0
2026-01-01 02:35:00+00:00,1.1211774120452354e-09,25-100 keV,HXR-3,True,1e-09,1.0,1.0.0
2026-01-01 02:40:00+00:00,9.792574533038485e-10,25-100 keV,HXR-3,True,1e-09,1.0,1.0.0
2026-01-01 02:45:00+00:00,1.0280767878000995e-09,25-100 keV,HXR-3,True,1e-09,1.0,1.0.0
2026-01-01 02:50:00+00:00,9.420012796729902e-10,25-100 keV,HXR-3,True,1e-09,1.0,1.0.0
2026-01-01 02:55:00+00:00,1.248857309468799e-09,25-100 keV,HXR-3,True,1e-09,1.0,1.0.0
2026-01-01 03:00:00+00:00,6.929396303361216e-10,25-100 keV,HXR-3,True,1e-09,1.0,1.0.0
2026-01-01 03:05:00+00:00,1.2098975479459263e-09,25-100 keV,HXR-3,True,1e-09,1.0,1.0.0
2026-01-01 03:10:00+00:00,8.981489318196712e-10,25-100 keV,HXR-3,True,1e-09,1.0,1.0.0
2026-01-01 03:15:00+00:00,1.229347770189394e-09,25-100 keV,HXR-3,True,1e-09,1.0,1.0.0
2026-01-01 03:20:00+00:00,1.1831823944880203e-09,25-100 keV,HXR-3,True,1e-09,1.0,1.0.0
2026-01-01 03:25:00+00:00,1.1522482775174048e-09,25-100 keV,HXR-3,True,1e-09,1.0,1.0.0
2026-01-01 03:30:00+00:00,1.1242194973524553e-09,25-100 keV,HXR-3,True,1e-09,1.0,1.0.0
2026-01-01 03:35:00+00:00,1.3399439062315288e-09,25-100 keV,HXR-3,True,1e-09,1.0,1.0.0
2026-01-01 03:40:00+00:00,9.107566494799857e-10,25-100 keV,HXR-3,True,1e-09,1.0,1.0.0
2026-01-01 03:45:00+00:00,9.128095693707377e-10,25-100 keV,HXR-3,True,1e-09,1.0,1.0.0
2026-01-01 03:50:00+00:00,9.016158780724201e-10,25-100 keV,HXR-3,True,1e-09,1.0,1.0.0
2026-01-01 03:55:00+00:00,1.138772328003531e-09,25-100 keV,HXR-3,True,1e-09,1.0,1.0.0
2026-01-01 04:00:00+00:00,8.05125798362372e-10,25-100 keV,HXR-3,True,1e-09,1.0,1.0.0
2026-01-01 04:05:00+00:00,1.1516750300816143e-09,25-100 keV,HXR-3,True,1e-09,1.0,1.0.0
2026-01-01 04:10:00+00:00,9.567339725849991e-10,25-100 keV,HXR-3,True,1e-09,1.0,1.0.0
2026-01-01 04:15:00+00:00,8.398430401967041e-10,25-100 keV,HXR-3,True,1e-09,1.0,1.0.0
2026-01-01 04:20:00+00:00,8.383598653665454e-10,25-100 keV,HXR-3,True,1e-09,1.0,1.0.0
2026-01-01 04:25:00+00:00,8.804839355470883e-10,25-100 keV,HXR-3,True,1e-09,1.0,1.0.0
2026-01-01 04:30:00+00:00,7.770936127209421e-10,25-100 keV,HXR-3,True,1e-09,1.0,1.0.0
2026-01-01 04:35:00+00:00,1.0771193148510335e-09,25-100 keV,HXR-3,True,1e-09,1.0,1.0.0
2026-01-01 04:40:00+00:00,1.1277686296664605e-09,25-100 keV,HXR-3,True,1e-09,1.0,1.0.0
2026-01-01 04:45:00+00:00,1.1438010155910145e-09,25-100 keV,HXR-3,True,1e-09,1.0,1.0.0
2026-01-01 04:50:00+00:00,9.060273926309525e-10,25-100 keV,HXR-3,True,1e-09,1.0,1.0.0
2026-01-01 04:55:00+00:00,1.0461896519313304e-09,25-100 keV,HXR-3,True,1e-09,1.0,1.0.0
2026-01-01 05:00:00+00:00,1.000780852740333e-09,25-100 keV,HXR-3,True,1e-09,1.0,1.0.0
2026-01-01 05:05:00+00:00,1.1037297861463787e-09,25-100 keV,HXR-3,True,1e-09,1.0,1.0.0
2026-01-01 05:10:00+00:00,1.066729323861597e-09,25-100 keV,HXR-3,True,1e-09,1.0,1.0.0
2026-01-01 05:15:00+00:00,1.0135419298736568e-09,25-100 keV,HXR-3,True,1e-09,1.0,1.0.0
2026-01-01 05:20:00+00:00,7.212485650989834e-10,25-100 keV,HXR-3,True,1e-09,1.0,1.0.0
2026-01-01 05:25:00+00:00,9.750129934121752e-10,25-100 keV,HXR-3,True,1e-09,1.0,1.0.0
2026-01-01 05:30:00+00:00,1.0166314720206184e-09,25-100 keV,HXR-3,True,1e-09,1.0,1.0.0
2026-01-01 05:35:00+00:00,8.95784103398351e-10,25-100 keV,HXR-3,True,1e-09,1.0,1.0.0
2026-01-01 05:40:00+00:00,9.59623665109153e-10,25-100 keV,HXR-3,True,1e-09,1.0,1.0.0
2026-01-01 05:45:00+00:00,8.05116227498383e-10,25-100 keV,HXR-3,True,1e-09,1.0,1.0.0
2026-01-01 05:50:00+00:00,9.518341829346116e-10,25-100 keV,HXR-3,True,1e-09,1.0,1.0.0
2026-01-01 05:55:00+00:00,1.0758803113240698e-09,25-100 keV,HXR-3,True,1e-09,1.0,1.0.0
2026-01-01 06:00:00+00:00,1.3133589356805947e-09,25-100 keV,HXR-3,True,1e-09,1.0,1.0.0
2026-01-01 06:05:00+00:00,8.480936117799583e-10,25-100 keV,HXR-3,True,1e-09,1.0,1.0.0
2026-01-01 06:10:00+00:00,9.964038894595524e-10,25-100 keV,HXR-3,True,1e-09,1.0,1.0.0
2026-01-01 06:15:00+00:00,8.55779642494219e-10,25-100 keV,HXR-3,True,1e-09,1.0,1.0.0
2026-01-01 06:20:00+00:00,9.861150716550112e-10,25-100 keV,HXR-3,True,1e-09,1.0,1.0.0
2026-01-01 06:25:00+00:00,9.66440187830021e-10,25-100 keV,HXR-3,True,1e-09,1.0,1.0.0
2026-01-01 06:30:00+00:00,1.1249338243148998e-09,25-100 keV,HXR-3,True,1e-09,1.0,1.0.0
2026-01-01 06:35:00+00:00,1.146117936758561e-09,25-100 keV,HXR-3,True,1e-09,1.0,1.0.0
2026-01-01 06:40:00+00:00,1.0244227236547151e-09,25-100 keV,HXR-3,True,1e-09,1.0,1.0.0
2026-01-01 06:45:00+00:00,9.828261969843497e-10,25-100 keV,HXR-3,True,1e-09,1.0,1.0.0
2026-01-01 06:50:00+00:00,1.177970264892497e-09,25-100 keV,HXR-3,True,1e-09,1.0,1.0.0
2026-01-01 06:55:00+00:00,1.0269687476294768e-09,25-100 keV,HXR-3,True,1e-09,1.0,1.0.0
2026-01-01 07:00:00+00:00,1.2274662426450228e-09,25-100 keV,HXR-3,True,1e-09,1.0,1.0.0
2026-01-01 07:05:00+00:00,7.548951970557823e-10,25-100 keV,HXR-3,True,1e-09,1.0,1.0.0
2026-01-01 07:10:00+00:00,1.2672956351493649e-09,25-100 keV,HXR-3,True,1e-09,1.0,1.0.0
2026-01-01 07:15:00+00:00,9.073408448669219e-10,25-100 keV,HXR-3,True,1e-09,1.0,1.0.0
2026-01-01 07:20:00+00:00,8.370401060711866e-10,25-100 keV,HXR-3,True,1e-09,1.0,1.0.0
2026-01-01 07:25:00+00:00,9.932870007992933e-10,25-100 keV,HXR-3,True,1e-09,1.0,1.0.0
2026-01-01 07:30:00+00:00,8.254446370377616e-10,25-100 keV,HXR-3,True,1e-09,1.0,1.0.0
2026-01-01 07:35:00+00:00,1.0853409242506329e-09,25-100 keV,HXR-3,True,1e-09,1.0,1.0.0
2026-01-01 07:40:00+00:00,9.306034216689362e-10,25-100 keV,HXR-3,True,1e-09,1.0,1.0.0
2026-01-01 07:45:00+00:00,1.0431032657248793e-09,25-100 keV,HXR-3,True,1e-09,1.0,1.0.0
2026-01-01 07:50:00+00:00,8.53399193374257e-10,25-100 keV,HXR-3,True,1e-09,1.0,1.0.0
2026-01-01 07:55:00+00:00,9.666345612346101e-10,25-100 keV,HXR-3,True,1e-09,1.0,1.0.0
2026-01-01 08:00:00+00:00,1.0145397651820293e-09,25-100 keV,HXR-3,True,1e-09,1.0,1.0.0
2026-01-01 08:05:00+00:00,9.717423476679282e-10,25-100 keV,HXR-3,True,1e-09,1.0,1.0.0
2026-01-01 08:10:00+00:00,1.2387403237559418e-09,25-100 keV,HXR-3,True,1e-09,1.0,1.0.0
2026-01-01 08:15:00+00:00,1.0878716240912174e-09,25-100 keV,HXR-3,True,1e-09,1.0,1.0.0
2026-01-01 08:20:00+00:00,1.0305513088022563e-09,25-100 keV,HXR-3,True,1e-09,1.0,1.0.0
2026-01-01 08:25:00+00:00,7.215218949402139e-10,25-100 keV,HXR-3,True,1e-09,1.0,1.0.0
2026-01-01 08:30:00+00:00,1.0567284184255698e-09,25-100 keV,HXR-3,True,1e-09,1.0,1.0.0
2026-01-01 08:35:00+00:00,1.1854210472757505e-09,25-100 keV,HXR-3,True,1e-09,1.0,1.0.0
2026-01-01 08:40:00+00:00,8.965042294697456e-10,25-100 keV,HXR-3,True,1e-09,1.0,1.0.0
2026-01-01 08:45:00+00:00,9.70246796168238e-10,25-100 keV,HXR-3,True,1e-09,1.0,1.0.0
2026-01-01 08:50:00+00:00,5.4613901906161e-10,25-100 keV,HXR-3,True,1e-09,1.0,1.0.0
2026-01-01 08:55:00+00:00,8.131560664882396e-10,25-100 keV,HXR-3,True,1e-09,1.0,1.0.0
2026-01-01 09:00:00+00:00,6.873940792730018e-10,25-100 keV,HXR-3,True,1e-09,1.0,1.0.0
2026-01-01 09:05:00+00:00,1.0156182469438939e-09,25-100 keV,HXR-3,True,1e-09,1.0,1.0.0
2026-01-01 09:10:00+00:00,9.774649758893004e-10,25-100 keV,HXR-3,True,1e-09,1.0,1.0.0
2026-01-01 09:15:00+00:00,9.841275245333932e-10,25-100 keV,HXR-3,True,1e-09,1.0,1.0.0
2026-01-01 09:20:00+00:00,9.344568791536204e-10,25-100 keV,HXR-3,True,1e-09,1.0,1.0.0
2026-01-01 09:25:00+00:00,1.152870447439785e-09,25-100 keV,HXR-3,True,1e-09,1.0,1.0.0
2026-01-01 09:30:00+00:00,8.150795160503542e-10,25-100 keV,HXR-3,True,1e-09,1.0,1.0.0
2026-01-01 09:35:00+00:00,9.888813192550834e-10,25-100 keV,HXR-3,True,1e-09,1.0,1.0.0
2026-01-01 09:40:00+00:00,1.0894583774127311e-09,25-100 keV,HXR-3,True,1e-09,1.0,1.0.0
2026-01-01 09:45:00+00:00,9.730911156803096e-10,25-100 keV,HXR-3,True,1e-09,1.0,1.0.0
2026-01-01 09:50:00+00:00,9.863807398338472e-10,25-100 keV,HXR-3,True,1e-09,1.0,1.0.0
2026-01-01 09:55:00+00:00,8.762380556626535e-10,25-100 keV,HXR-3,True,1e-09,1.0,1.0.0
2026-01-01 10:00:00+00:00,9.497545808356473e-10,25-100 keV,HXR-3,True,1e-09,1.0,1.0.0
2026-01-01 10:05:00+00:00,1.1077526211264299e-09,25-100 keV,HXR-3,True,1e-09,1.0,1.0.0
2026-01-01 10:10:00+00:00,6.970806722982011e-10,25-100 keV,HXR-3,True,1e-09,1.0,1.0.0
2026-01-01 10:15:00+00:00,9.76295642645329e-10,25-100 keV,HXR-3,True,1e-09,1.0,1.0.0
2026-01-01 10:20:00+00:00,9.123677307891709e-10,25-100 keV,HXR-3,True,1e-09,1.0,1.0.0
2026-01-01 10:25:00+00:00,9.894540253428304e-10,25-100 keV,HXR-3,True,1e-09,1.0,1.0.0
2026-01-01 10:30:00+00:00,1.2659771845039114e-09,25-100 keV,HXR-3,True,1e-09,1.0,1.0.0
2026-01-01 10:35:00+00:00,9.330056061118919e-10,25-100 keV,HXR-3,True,1e-09,1.0,1.0.0
2026-01-01 10:40:00+00:00,1.2234061867913747e-09,25-100 keV,HXR-3,True,1e-09,1.0,1.0.0
2026-01-01 10:45:00+00:00,1.16504630820591e-09,25-100 keV,HXR-3,True,1e-09,1.0,1.0.0
2026-01-01 10:50:00+00:00,1.0044844476931215e-09,25-100 keV,HXR-3,True,1e-09,1.0,1.0.0
2026-01-01 10:55:00+00:00,1.013065871637494e-09,25-100 keV,HXR-3,True,1e-09,1.0,1.0.0
2026-01-01 11:00:00+00:00,1.027185241328742e-09,25-100 keV,HXR-3,True,1e-09,1.0,1.0.0
2026-01-01 11:05:00+00:00,8.76224230421916e-10,25-100 keV,HXR-3,True,1e-09,1.0,1.0.0
2026-01-01 11:10:00+00:00,1.0940258150353064e-09,25-100 keV,HXR-3,True,1e-09,1.0,1.0.0
2026-01-01 11:15:00+00:00,9.080953229352414e-10,25-100 keV,HXR-3,True,1e-09,1.0,1.0.0
2026-01-01 11:20:00+00:00,1.0053613503275606e-09,25-100 keV,HXR-3,True,1e-09,1.0,1.0.0
2026-01-01 11:25:00+00:00,6.706056082760304e-10,25-100 keV,HXR-3,True,1e-09,1.0,1.0.0
2026-01-01 11:30:00+00:00,8.70507596600742e-10,25-100 keV,HXR-3,True,1e-09,1.0,1.0.0
2026-01-01 11:35:00+00:00,1.0802649044559126e-09,25-100 keV,HXR-3,True,1e-09,1.0,1.0.0
2026-01-01 11:40:00+00:00,8.314805057183039e-10,25-100 keV,HXR-3,True,1e-09,1.0,1.0.0
2026-01-01 11:45:00+00:00,1.050094763908203e-09,25-100 keV,HXR-3,True,1e-09,1.0,1.0.0
2026-01-01 11:50:00+00:00,9.239154317178975e-10,25-100 keV,HXR-3,True,1e-09,1.0,1.0.0
2026-01-01 11:55:00+00:00,1.1485225256692194e-09,25-100 keV,HXR-3,True,1e-09,1.0,1.0.0
2026-01-01 12:00:00+00:00,1.188691595330825e-09,25-100 keV,HXR-3,True,1e-09,1.0,1.0.0
2026-01-01 12:05:00+00:00,1.0266437378071853e-09,25-100 keV,HXR-3,True,1e-09,1.0,1.0.0
2026-01-01 12:10:00+00:00,9.977698875314164e-10,25-100 keV,HXR-3,True,1e-09,1.0,1.0.0
2026-01-01 12:15:00+00:00,1.0060654171490648e-09,25-100 keV,HXR-3,True,1e-09,1.0,1.0.0
2026-01-01 12:20:00+00:00,9.967832845534085e-10,25-100 keV,HXR-3,True,1e-09,1.0,1.0.0
2026-01-01 12:25:00+00:00,1.1787484874494626e-09,25-100 keV,HXR-3,True,1e-09,1.0,1.0.0
2026-01-01 12:30:00+00:00,1.3757297027953672e-09,25-100 keV,HXR-3,True,1e-09,1.0,1.0.0
2026-01-01 12:35:00+00:00,7.999808309837577e-10,25-100 keV,HXR-3,True,1e-09,1.0,1.0.0
2026-01-01 12:40:00+00:00,8.457591019468835e-10,25-100 keV,HXR-3,True,1e-09,1.0,1.0.0
2026-01-01 12:45:00+00:00,1.204475449612994e-09,25-100 keV,HXR-3,True,1e-09,1.0,1.0.0
2026-01-01 12:50:00+00:00,8.286588109760882e-10,25-100 keV,HXR-3,True,1e-09,1.0,1.0.0
2026-01-01 12:55:00+00:00,7.941961802631263e-10,25-100 keV,HXR-3,True,1e-09,1.0,1.0.0
2026-01-01 13:00:00+00:00,1.3173057153274743e-09,25-100 keV,HXR-3,True,1e-09,1.0,1.0.0
2026-01-01 13:05:00+00:00,9.588587671742413e-10,25-100 keV,HXR-3,True,1e-09,1.0,1.0.0
2026-01-01 13:10:00+00:00,9.624781864988162e-10,25-100 keV,HXR-3,True,1e-09,1.0,1.0.0
2026-01-01 13:15:00+00:00,9.236754400101667e-10,25-100 keV,HXR-3,True,1e-09,1.0,1.0.0
2026-01-01 13:20:00+00:00,1.0872011094112626e-09,25-100 keV,HXR-3,True,1e-09,1.0,1.0.0
2026-01-01 13:25:00+00:00,8.300349879083422e-10,25-100 keV,HXR-3,True,1e-09,1.0,1.0.0
2026-01-01 13:30:00+00:00,1.2661583836880976e-09,25-100 keV,HXR-3,True,1e-09,1.0,1.0.0
2026-01-01 13:35:00+00:00,1.1129569486003962e-09,25-100 keV,HXR-3,True,1e-09,1.0,1.0.0
2026-01-01 13:40:00+00:00,9.92229965234815e-10,25-100 keV,HXR-3,True,1e-09,1.0,1.0.0
2026-01-01 13:45:00+00:00,9.172441600808371e-10,25-100 keV,HXR-3,True,1e-09,1.0,1.0.0
2026-01-01 13:50:00+00:00,1.016238541008951e-09,25-100 keV,HXR-3,True,1e-09,1.0,1.0.0
2026-01-01 13:55:00+00:00,1.1565954477136595e-09,25-100 keV,HXR-3,True,1e-09,1.0,1.0.0
2026-01-01 14:00:00+00:00,1.3926163942954312e-09,25-100 keV,HXR-3,True,1e-09,1.0,1.0.0
2026-01-01 14:05:00+00:00,1.2263152561538491e-09,25-100 keV,HXR-3,True,1e-09,1.0,1.0.0
2026-01-01 14:10:00+00:00,1.1519353730609e-09,25-100 keV,HXR-3,True,1e-09,1.0,1.0.0
2026-01-01 14:15:00+00:00,1.0064568610821087e-09,25-100 keV,HXR-3,True,1e-09,1.0,1.0.0
2026-01-01 14:20:00+00:00,1.1848756915957933e-09,25-100 keV,HXR-3,True,1e-09,1.0,1.0.0
2026-01-01 14:25:00+00:00,9.480383738592704e-10,25-100 keV,HXR-3,True,1e-09,1.0,1.0.0
2026-01-01 14:30:00+00:00,1.049782507515948e-09,25-100 keV,HXR-3,True,1e-09,1.0,1.0.0
2026-01-01 14:35:00+00:00,1.175604389257811e-09,25-100 keV,HXR-3,True,1e-09,1.0,1.0.0
2026-01-01 14:40:00+00:00,1.091016053757778e-09,25-100 keV,HXR-3,True,1e-09,1.0,1.0.0
2026-01-01 14:45:00+00:00,9.002960510852528e-10,25-100 keV,HXR-3,True,1e-09,1.0,1.0.0
2026-01-01 14:50:00+00:00,7.700839189598377e-10,25-100 keV,HXR-3,True,1e-09,1.0,1.0.0
2026-01-01 14:55:00+00:00,1.075224491447883e-09,25-100 keV,HXR-3,True,1e-09,1.0,1.0.0
2026-01-01 15:00:00+00:00,1.0201954659437374e-09,25-100 keV,HXR-3,True,1e-09,1.0,1.0.0
2026-01-01 15:05:00+00:00,1.1394984652840606e-09,25-100 keV,HXR-3,True,1e-09,1.0,1.0.0
2026-01-01 15:10:00+00:00,1.008683419264478e-09,25-100 keV,HXR-3,True,1e-09,1.0,1.0.0
2026-01-01 15:15:00+00:00,9.430624549701095e-10,25-100 keV,HXR-3,True,1e-09,1.0,1.0.0
2026-01-01 15:20:00+00:00,1.1580929655696306e-09,25-100 keV,HXR-3,True,1e-09,1.0,1.0.0
2026-01-01 15:25:00+00:00,1.1494470029626934e-09,25-100 keV,HXR-3,True,1e-09,1.0,1.0.0
2026-01-01 15:30:00+00:00,6.83620987294485e-10,25-100 keV,HXR-3,True,1e-09,1.0,1.0.0
2026-01-01 15:35:00+00:00,7.721326592738122e-10,25-100 keV,HXR-3,True,1e-09,1.0,1.0.0
2026-01-01 15:40:00+00:00,1.0194751938366214e-09,25-100 keV,HXR-3,True,1e-09,1.0,1.0.0
2026-01-01 15:45:00+00:00,9.90214319836123e-10,25-100 keV,HXR-3,True,1e-09,1.0,1.0.0
2026-01-01 15:50:00+00:00,9.71952242528554e-10,25-100 keV,HXR-3,True,1e-09,1.0,1.0.0
2026-01-01 15:55:00+00:00,1.123589874736266e-09,25-100 keV,HXR-3,True,1e-09,1.0,1.0.0
2026-01-01 16:00:00+00:00,1.30232476224415e-09,25-100 keV,HXR-3,True,1e-09,1.0,1.0.0
2026-01-01 16:05:00+00:00,8.452827800058855e-10,25-100 keV,HXR-3,True,1e-09,1.0,1.0.0
2026-01-01 16:10:00+00:00,9.898723335586347e-10,25-100 keV,HXR-3,True,1e-09,1.0,1.0.0
2026-01-01 16:15:00+00:00,9.961927662404552e-10,25-100 keV,HXR-3,True,1e-09,1.0,1.0.0
2026-01-01 16:20:00+00:00,1.0307939792247933e-09,25-100 keV,HXR-3,True,1e-09,1.0,1.0.0
2026-01-01 16:25:00+00:00,8.164540403446356e-10,25-100 keV,HXR-3,True,1e-09,1.0,1.0.0
2026-01-01 16:30:00+00:00,1.070114481750997e-09,25-100 keV,HXR-3,True,1e-09,1.0,1.0.0
2026-01-01 16:35:00+00:00,1.0055051523555946e-09,25-100 keV,HXR-3,True,1e-09,1.0,1.0.0
2026-01-01 16:40:00+00:00,1.3058349047406483e-09,25-100 keV,HXR-3,True,1e-09,1.0,1.0.0
2026-01-01 16:45:00+00:00,1.0577216186768077e-09,25-100 keV,HXR-3,True,1e-09,1.0,1.0.0
2026-01-01 16:50:00+00:00,8.949208667372699e-10,25-100 keV,HXR-3,True,1e-09,1.0,1.0.0
2026-01-01 16:55:00+00:00,7.754267939687055e-10,25-100 keV,HXR-3,True,1e-09,1.0,1.0.0
2026-01-01 17:00:00+00:00,9.853082926393261e-10,25-100 keV,HXR-3,True,1e-09,1.0,1.0.0
2026-01-01 17:05:00+00:00,8.875525609835091e-10,25-100 keV,HXR-3,True,1e-09,1.0,1.0.0
2026-01-01 17:10:00+00:00,9.364493967466087e-10,25-100 keV,HXR-3,True,1e-09,1.0,1.0.0
2026-01-01 17:15:00+00:00,1.051847868832392e-09,25-100 keV,HXR-3,True,1e-09,1.0,1.0.0
2026-01-01 17:20:00+00:00,1.0352526703852795e-09,25-100 keV,HXR-3,True,1e-09,1.0,1.0.0
2026-01-01 17:25:00+00:00,1.029085077662648e-09,25-100 keV,HXR-3,True,1e-09,1.0,1.0.0
2026-01-01 17:30:00+00:00,1.2088393823933388e-09,25-100 keV,HXR-3,True,1e-09,1.0,1.0.0
2026-01-01 17:35:00+00:00,1.061193353961557e-09,25-100 keV,HXR-3,True,1e-09,1.0,1.0.0
2026-01-01 17:40:00+00:00,1.4070220383540557e-09,25-100 keV,HXR-3,True,1e-09,1.0,1.0.0
2026-01-01 17:45:00+00:00,1.024200238756227e-09,25-100 keV,HXR-3,True,1e-09,1.0,1.0.0
2026-01-01 17:50:00+00:00,9.389655714541143e-10,25-100 keV,HXR-3,True,1e-09,1.0,1.0.0
2026-01-01 17:55:00+00:00,7.7543598083315e-10,25-100 keV,HXR-3,True,1e-09,1.0,1.0.0
2026-01-01 18:00:00+00:00,8.028442679406778e-10,25-100 keV,HXR-3,True,1e-09,1.0,1.0.0
2026-01-01 18:05:00+00:00,1.1360222713753714e-09,25-100 keV,HXR-3,True,1e-09,1.0,1.0.0
2026-01-01 18:10:00+00:00,1.0973398492949669e-09,25-100 keV,HXR-3,True,1e-09,1.0,1.0.0
2026-01-01 18:15:00+00:00,9.865451911100906e-10,25-100 keV,HXR-3,True,1e-09,1.0,1.0.0
2026-01-01 18:20:00+00:00,9.663431778677378e-10,25-100 keV,HXR-3,True,1e-09,1.0,1.0.0
2026-01-01 18:25:00+00:00,8.66859272919636e-10,25-100 keV,HXR-3,True,1e-09,1.0,1.0.0
2026-01-01 18:30:00+00:00,9.750448630060756e-10,25-100 keV,HXR-3,True,1e-09,1.0,1.0.0
2026-01-01 18:35:00+00:00,1.0185233461160238e-09,25-100 keV,HXR-3,True,1e-09,1.0,1.0.0
2026-01-01 18:40:00+00:00,6.973471148694347e-10,25-100 keV,HXR-3,True,1e-09,1.0,1.0.0
2026-01-01 18:45:00+00:00,1.1087789660705074e-09,25-100 keV,HXR-3,True,1e-09,1.0,1.0.0
2026-01-01 18:50:00+00:00,6.959134209272173e-10,25-100 keV,HXR-3,True,1e-09,1.0,1.0.0
2026-01-01 18:55:00+00:00,1.0505467497173498e-09,25-100 keV,HXR-3,True,1e-09,1.0,1.0.0
2026-01-01 19:00:00+00:00,9.932952514460641e-10,25-100 keV,HXR-3,True,1e-09,1.0,1.0.0
2026-01-01 19:05:00+00:00,1.0438111107671293e-09,25-100 keV,HXR-3,True,1e-09,1.0,1.0.0
2026-01-01 19:10:00+00:00,9.027251655656639e-10,25-100 keV,HXR-3,True,1e-09,1.0,1.0.0
2026-01-01 19:15:00+00:00,1.2540217371729217e-09,25-100 keV,HXR-3,True,1e-09,1.0,1.0.0
2026-01-01 19:20:00+00:00,1.1077138720357626e-09,25-100 keV,HXR-3,True,1e-09,1.0,1.0.0
2026-01-01 19:25:00+00:00,1.0953124257195555e-09,25-100 keV,HXR-3,True,1e-09,1.0,1.0.0
2026-01-01 19:30:00+00:00,9.73159659242955e-10,25-100 keV,HXR-3,True,1e-09,1.0,1.0.0
2026-01-01 19:35:00+00:00,9.887118467873405e-10,25-100 keV,HXR-3,True,1e-09,1.0,1.0.0
2026-01-01 19:40:00+00:00,1.1328547131250885e-09,25-100 keV,HXR-3,True,1e-09,1.0,1.0.0
2026-01-01 19:45:00+00:00,1.1953436075753929e-09,25-100 keV,HXR-3,True,1e-09,1.0,1.0.0
2026-01-01 19:50:00+00:00,1.2100262688329666e-09,25-100 keV,HXR-3,True,1e-09,1.0,1.0.0
2026-01-01 19:55:00+00:00,9.93041905244677e-10,25-100 keV,HXR-3,True,1e-09,1.0,1.0.0
2026-01-01 20:00:00+00:00,1.0085052022589657e-09,25-100 keV,HXR-3,True,1e-09,1.0,1.0.0
2026-01-01 20:05:00+00:00,1.0496620326522765e-09,25-100 keV,HXR-3,True,1e-09,1.0,1.0.0
2026-01-01 20:10:00+00:00,9.607328659692606e-10,25-100 keV,HXR-3,True,1e-09,1.0,1.0.0
2026-01-01 20:15:00+00:00,8.936102620737967e-10,25-100 keV,HXR-3,True,1e-09,1.0,1.0.0
2026-01-01 20:20:00+00:00,1.0249688778295292e-09,25-100 keV,HXR-3,True,1e-09,1.0,1.0.0
2026-01-01 20:25:00+00:00,1.070998397689904e-09,25-100 keV,HXR-3,True,1e-09,1.0,1.0.0
2026-01-01 20:30:00+00:00,1.0785556265523497e-09,25-100 keV,HXR-3,True,1e-09,1.0,1.0.0
2026-01-01 20:35:00+00:00,9.88669651342693e-10,25-100 keV,HXR-3,True,1e-09,1.0,1.0.0
2026-01-01 20:40:00+00:00,9.012941417357511e-10,25-100 keV,HXR-3,True,1e-09,1.0,1.0.0
2026-01-01 20:45:00+00:00,1.074889901987664e-09,25-100 keV,HXR-3,True,1e-09,1.0,1.0.0
2026-01-01 20:50:00+00:00,1.060149659794908e-09,25-100 keV,HXR-3,True,1e-09,1.0,1.0.0
2026-01-01 20:55:00+00:00,8.621429623800796e-10,25-100 keV,HXR-3,True,1e-09,1.0,1.0.0
2026-01-01 21:00:00+00:00,1.142324389380726e-09,25-100 keV,HXR-3,True,1e-09,1.0,1.0.0
2026-01-01 21:05:00+00:00,1.1139744767645886e-09,25-100 keV,HXR-3,True,1e-09,1.0,1.0.0
2026-01-01 21:10:00+00:00,9.93719945543877e-10,25-100 keV,HXR-3,True,1e-09,1.0,1.0.0
2026-01-01 21:15:00+00:00,8.118637458509329e-10,25-100 keV,HXR-3,True,1e-09,1.0,1.0.0
2026-01-01 21:20:00+00:00,8.178793244915964e-10,25-100 keV,HXR-3,True,1e-09,1.0,1.0.0
2026-01-01 21:25:00+00:00,1.0651682085044128e-09,25-100 keV,HXR-3,True,1e-09,1.0,1.0.0
2026-01-01 21:30:00+00:00,9.211832946773967e-10,25-100 keV,HXR-3,True,1e-09,1.0,1.0.0
2026-01-01 21:35:00+00:00,9.588840465516124e-10,25-100 keV,HXR-3,True,1e-09,1.0,1.0.0
2026-01-01 21:40:00+00:00,8.306666911258994e-10,25-100 keV,HXR-3,True,1e-09,1.0,1.0.0
2026-01-01 21:45:00+00:00,1.1234890376547116e-09,25-100 keV,HXR-3,True,1e-09,1.0,1.0.0
2026-01-01 21:50:00+00:00,7.162317030422177e-10,25-100 keV,HXR-3,True,1e-09,1.0,1.0.0
2026-01-01 21:55:00+00:00,9.928495013685591e-10,25-100 keV,HXR-3,True,1e-09,1.0,1.0.0
2026-01-01 22:00:00+00:00,1.0532792835533222e-09,25-100 keV,HXR-3,True,1e-09,1.0,1.0.0
2026-01-01 22:05:00+00:00,1.0917903644459402e-09,25-100 keV,HXR-3,True,1e-09,1.0,1.0.0
2026-01-01 22:10:00+00:00,1.07233793201744e-09,25-100 keV,HXR-3,True,1e-09,1.0,1.0.0
2026-01-01 22:15:00+00:00,8.170703536742168e-10,25-100 keV,HXR-3,True,1e-09,1.0,1.0.0
2026-01-01 22:20:00+00:00,9.381260995404682e-10,25-100 keV,HXR-3,True,1e-09,1.0,1.0.0
2026-01-01 22:25:00+00:00,8.883200282513022e-10,25-100 keV,HXR-3,True,1e-09,1.0,1.0.0
2026-01-01 22:30:00+00:00,8.241855180265005e-10,25-100 keV,HXR-3,True,1e-09,1.0,1.0.0
2026-01-01 22:35:00+00:00,7.359585324395046e-10,25-100 keV,HXR-3,True,1e-09,1.0,1.0.0
2026-01-01 22:40:00+00:00,6.917087465708987e-08,25-100 keV,HXR-3,True,1e-09,1.0,1.0.0
2026-01-01 22:45:00+00:00,2.712542567926642e-07,25-100 keV,HXR-3,True,1e-09,1.0,1.0.0
2026-01-01 22:50:00+00:00,5.999708532848864e-07,25-100 keV,HXR-3,True,1e-09,1.0,1.0.0
2026-01-01 22:55:00+00:00,1.0449488223628772e-06,25-100 keV,HXR-3,True,1e-09,1.0,1.0.0
2026-01-01 23:00:00+00:00,1.5903432638264458e-06,25-100 keV,HXR-3,True,1e-09,1.0,1.0.0
2026-01-01 23:05:00+00:00,2.217633815900585e-06,25-100 keV,HXR-3,True,1e-09,1.0,1.0.0
2026-01-01 23:10:00+00:00,2.9059676989718743e-06,25-100 keV,HXR-3,True,1e-09,1.0,1.0.0
2026-01-01 23:15:00+00:00,3.631478929623408e-06,25-100 keV,HXR-3,True,1e-09,1.0,1.0.0
2026-01-01 23:20:00+00:00,4.369638177381161e-06,25-100 keV,HXR-3,True,1e-09,1.0,1.0.0
2026-01-01 23:25:00+00:00,5.095031586108404e-06,25-100 keV,HXR-3,True,1e-09,1.0,1.0.0
2026-01-01 23:30:00+00:00,5.782969116273517e-06,25-100 keV,HXR-3,True,1e-09,1.0,1.0.0
2026-01-01 23:35:00+00:00,6.411011862245908e-06,25-100 keV,HXR-3,True,1e-09,1.0,1.0.0
2026-01-01 23:40:00+00:00,6.956224515847213e-06,25-100 keV,HXR-3,True,1e-09,1.0,1.0.0
2026-01-01 23:45:00+00:00,7.400794301022344e-06,25-100 keV,HXR-3,True,1e-09,1.0,1.0.0
2026-01-01 23:50:00+00:00,7.729692077855748e-06,25-100 keV,HXR-3,True,1e-09,1.0,1.0.0
2026-01-01 23:55:00+00:00,7.931770187324721e-06,25-100 keV,HXR-3,True,1e-09,1.0,1.0.0
2026-01-02 00:00:00+00:00,7.999947412828954e-06,25-100 keV,HXR-3,True,1e-09,1.0,1.0.0
2026-01-02 00:05:00+00:00,7.931799035092753e-06,25-100 keV,HXR-3,True,1e-09,1.0,1.0.0
2026-01-02 00:10:00+00:00,7.72985138686849e-06,25-100 keV,HXR-3,True,1e-09,1.0,1.0.0
2026-01-02 00:15:00+00:00,7.400790512228437e-06,25-100 keV,HXR-3,True,1e-09,1.0,1.0.0
2026-01-02 00:20:00+00:00,6.956249485386023e-06,25-100 keV,HXR-3,True,1e-09,1.0,1.0.0
2026-01-02 00:25:00+00:00,6.410579969038783e-06,25-100 keV,HXR-3,True,1e-09,1.0,1.0.0
2026-01-02 00:30:00+00:00,5.783311385574376e-06,25-100 keV,HXR-3,True,1e-09,1.0,1.0.0
2026-01-02 00:35:00+00:00,5.095116950640521e-06,25-100 keV,HXR-3,True,1e-09,1.0,1.0.0
2026-01-02 00:40:00+00:00,4.369301750483997e-06,25-100 keV,HXR-3,True,1e-09,1.0,1.0.0
2026-01-02 00:45:00+00:00,3.6314018369767145e-06,25-100 keV,HXR-3,True,1e-09,1.0,1.0.0
2026-01-02 00:50:00+00:00,2.906121262492404e-06,25-100 keV,HXR-3,True,1e-09,1.0,1.0.0
2026-01-02 00:55:00+00:00,2.2177931203069095e-06,25-100 keV,HXR-3,True,1e-09,1.0,1.0.0
2026-01-02 01:00:00+00:00,1.5903927196017917e-06,25-100 keV,HXR-3,True,1e-09,1.0,1.0.0
2026-01-02 01:05:00+00:00,1.044996391648694e-06,25-100 keV,HXR-3,True,1e-09,1.0,1.0.0
2026-01-02 01:10:00+00:00,5.99887527438981e-07,25-100 keV,HXR-3,True,1e-09,1.0,1.0.0
2026-01-02 01:15:00+00:00,2.7101188457745343e-07,25-100 keV,HXR-3,True,1e-09,1.0,1.0.0
2026-01-02 01:20:00+00:00,6.914248530809261e-08,25-100 keV,HXR-3,True,1e-09,1.0,1.0.0
2026-01-02 01:25:00+00:00,9.57451494082762e-10,25-100 keV,HXR-3,True,1e-09,1.0,1.0.0
2026-01-02 01:30:00+00:00,1.0495272588553255e-09,25-100 keV,HXR-3,True,1e-09,1.0,1.0.0
2026-01-02 01:35:00+00:00,1.219326702424147e-09,25-100 keV,HXR-3,True,1e-09,1.0,1.0.0
2026-01-02 01:40:00+00:00,9.69227023444552e-10,25-100 keV,HXR-3,True,1e-09,1.0,1.0.0
2026-01-02 01:45:00+00:00,1.0319361120091656e-09,25-100 keV,HXR-3,True,1e-09,1.0,1.0.0
2026-01-02 01:50:00+00:00,9.79992595643901e-10,25-100 keV,HXR-3,True,1e-09,1.0,1.0.0
2026-01-02 01:55:00+00:00,6.904009314293654e-10,25-100 keV,HXR-3,True,1e-09,1.0,1.0.0
2026-01-02 02:00:00+00:00,8.730855892441171e-10,25-100 keV,HXR-3,True,1e-09,1.0,1.0.0
2026-01-02 02:05:00+00:00,9.666036445931493e-10,25-100 keV,HXR-3,True,1e-09,1.0,1.0.0
2026-01-02 02:10:00+00:00,9.294912139809441e-10,25-100 keV,HXR-3,True,1e-09,1.0,1.0.0
2026-01-02 02:15:00+00:00,1.117548466173605e-09,25-100 keV,HXR-3,True,1e-09,1.0,1.0.0
2026-01-02 02:20:00+00:00,1.160418796396462e-09,25-100 keV,HXR-3,True,1e-09,1.0,1.0.0
2026-01-02 02:25:00+00:00,8.941448158326837e-10,25-100 keV,HXR-3,True,1e-09,1.0,1.0.0
2026-01-02 02:30:00+00:00,1.1583092144212464e-09,25-100 keV,HXR-3,True,1e-09,1.0,1.0.0
2026-01-02 02:35:00+00:00,9.194547814642016e-10,25-100 keV,HXR-3,True,1e-09,1.0,1.0.0
2026-01-02 02:40:00+00:00,1.0435571136038911e-09,25-100 keV,HXR-3,True,1e-09,1.0,1.0.0
2026-01-02 02:45:00+00:00,9.387450699554562e-10,25-100 keV,HXR-3,True,1e-09,1.0,1.0.0
2026-01-02 02:50:00+00:00,7.958959132901837e-10,25-100 keV,HXR-3,True,1e-09,1.0,1.0.0
2026-01-02 02:55:00+00:00,8.806435035244111e-10,25-100 keV,HXR-3,True,1e-09,1.0,1.0.0
2026-01-02 03:00:00+00:00,7.502771397262697e-10,25-100 keV,HXR-3,True,1e-09,1.0,1.0.0
2026-01-02 03:05:00+00:00,1.1195482266199083e-09,25-100 keV,HXR-3,True,1e-09,1.0,1.0.0
2026-01-02 03:10:00+00:00,1.2021523522463162e-09,25-100 keV,HXR-3,True,1e-09,1.0,1.0.0
2026-01-02 03:15:00+00:00,1.13465411590803e-09,25-100 keV,HXR-3,True,1e-09,1.0,1.0.0
2026-01-02 03:20:00+00:00,9.522955279092001e-10,25-100 keV,HXR-3,True,1e-09,1.0,1.0.0
2026-01-02 03:25:00+00:00,1.1039668699813586e-09,25-100 keV,HXR-3,True,1e-09,1.0,1.0.0
2026-01-02 03:30:00+00:00,7.059864547342458e-10,25-100 keV,HXR-3,True,1e-09,1.0,1.0.0
2026-01-02 03:35:00+00:00,1.1534487273611974e-09,25-100 keV,HXR-3,True,1e-09,1.0,1.0.0
2026-01-02 03:40:00+00:00,1.2775052628612997e-09,25-100 keV,HXR-3,True,1e-09,1.0,1.0.0
2026-01-02 03:45:00+00:00,1.0995616747176981e-09,25-100 keV,HXR-3,True,1e-09,1.0,1.0.0
2026-01-02 03:50:00+00:00,9.23353431733869e-10,25-100 keV,HXR-3,True,1e-09,1.0,1.0.0
2026-01-02 03:55:00+00:00,1.1248855440745647e-09,25-100 keV,HXR-3,True,1e-09,1.0,1.0.0
2026-01-02 04:00:00+00:00,1.0081734725809754e-09,25-100 keV,HXR-3,True,1e-09,1.0,1.0.0
2026-01-02 04:05:00+00:00,8.434959466872337e-10,25-100 keV,HXR-3,True,1e-09,1.0,1.0.0
2026-01-02 04:10:00+00:00,7.958825827443987e-10,25-100 keV,HXR-3,True,1e-09,1.0,1.0.0
2026-01-02 04:15:00+00:00,9.649558117954843e-10,25-100 keV,HXR-3,True,1e-09,1.0,1.0.0
2026-01-02 04:20:00+00:00,1.0031630436820464e-09,25-100 keV,HXR-3,True,1e-09,1.0,1.0.0
2026-01-02 04:25:00+00:00,6.128604733169807e-10,25-100 keV,HXR-3,True,1e-09,1.0,1.0.0
2026-01-02 04:30:00+00:00,1.4364299919953351e-09,25-100 keV,HXR-3,True,1e-09,1.0,1.0.0
2026-01-02 04:35:00+00:00,9.331848095535621e-10,25-100 keV,HXR-3,True,1e-09,1.0,1.0.0
2026-01-02 04:40:00+00:00,1.1943547389608737e-09,25-100 keV,HXR-3,True,1e-09,1.0,1.0.0
2026-01-02 04:45:00+00:00,1.0036832797791456e-09,25-100 keV,HXR-3,True,1e-09,1.0,1.0.0
2026-01-02 04:50:00+00:00,1.1900554798534642e-09,25-100 keV,HXR-3,True,1e-09,1.0,1.0.0
2026-01-02 04:55:00+00:00,1.332381368369102e-09,25-100 keV,HXR-3,True,1e-09,1.0,1.0.0
2026-01-02 05:00:00+00:00,9.177504078402463e-10,25-100 keV,HXR-3,True,1e-09,1.0,1.0.0
2026-01-02 05:05:00+00:00,9.482756094825682e-10,25-100 keV,HXR-3,True,1e-09,1.0,1.0.0
2026-01-02 05:10:00+00:00,1.0890129053008714e-09,25-100 keV,HXR-3,True,1e-09,1.0,1.0.0
2026-01-02 05:15:00+00:00,1.1467233006172376e-09,25-100 keV,HXR-3,True,1e-09,1.0,1.0.0
2026-01-02 05:20:00+00:00,1.032337007431609e-09,25-100 keV,HXR-3,True,1e-09,1.0,1.0.0
2026-01-02 05:25:00+00:00,9.752721245603191e-10,25-100 keV,HXR-3,True,1e-09,1.0,1.0.0
2026-01-02 05:30:00+00:00,7.898236892599388e-10,25-100 keV,HXR-3,True,1e-09,1.0,1.0.0
2026-01-02 05:35:00+00:00,1.0131217419689167e-09,25-100 keV,HXR-3,True,1e-09,1.0,1.0.0
2026-01-02 05:40:00+00:00,8.454936372131353e-10,25-100 keV,HXR-3,True,1e-09,1.0,1.0.0
2026-01-02 05:45:00+00:00,1.0002749982633083e-09,25-100 keV,HXR-3,True,1e-09,1.0,1.0.0
2026-01-02 05:50:00+00:00,1.1817774170882131e-09,25-100 keV,HXR-3,True,1e-09,1.0,1.0.0
2026-01-02 05:55:00+00:00,1.0575684290435748e-09,25-100 keV,HXR-3,True,1e-09,1.0,1.0.0
2026-01-02 06:00:00+00:00,1.052267892740462e-09,25-100 keV,HXR-3,True,1e-09,1.0,1.0.0
2026-01-02 06:05:00+00:00,7.672460635957662e-10,25-100 keV,HXR-3,True,1e-09,1.0,1.0.0
2026-01-02 06:10:00+00:00,1.0718882065115056e-09,25-100 keV,HXR-3,True,1e-09,1.0,1.0.0
2026-01-02 06:15:00+00:00,9.195092100710282e-10,25-100 keV,HXR-3,True,1e-09,1.0,1.0.0
2026-01-02 06:20:00+00:00,7.080765009900417e-10,25-100 keV,HXR-3,True,1e-09,1.0,1.0.0
2026-01-02 06:25:00+00:00,1.1983983731127984e-09,25-100 keV,HXR-3,True,1e-09,1.0,1.0.0
2026-01-02 06:30:00+00:00,9.617186760831527e-10,25-100 keV,HXR-3,True,1e-09,1.0,1.0.0
2026-01-02 06:35:00+00:00,1.0059292772907247e-09,25-100 keV,HXR-3,True,1e-09,1.0,1.0.0
2026-01-02 06:40:00+00:00,1.0707855193116977e-09,25-100 keV,HXR-3,True,1e-09,1.0,1.0.0
2026-01-02 06:45:00+00:00,1.1887720795163698e-09,25-100 keV,HXR-3,True,1e-09,1.0,1.0.0
2026-01-02 06:50:00+00:00,8.867616683337122e-10,25-100 keV,HXR-3,True,1e-09,1.0,1.0.0
2026-01-02 06:55:00+00:00,1.2187128947832208e-09,25-100 keV,HXR-3,True,1e-09,1.0,1.0.0
2026-01-02 07:00:00+00:00,9.932535465122392e-10,25-100 keV,HXR-3,True,1e-09,1.0,1.0.0
2026-01-02 07:05:00+00:00,8.792948992896146e-10,25-100 keV,HXR-3,True,1e-09,1.0,1.0.0
2026-01-02 07:10:00+00:00,1.016418213380894e-09,25-100 keV,HXR-3,True,1e-09,1.0,1.0.0
2026-01-02 07:15:00+00:00,9.044550840770599e-10,25-100 keV,HXR-3,True,1e-09,1.0,1.0.0
2026-01-02 07:20:00+00:00,9.845469683905495e-10,25-100 keV,HXR-3,True,1e-09,1.0,1.0.0
2026-01-02 07:25:00+00:00,1.2257399323129927e-09,25-100 keV,HXR-3,True,1e-09,1.0,1.0.0
2026-01-02 07:30:00+00:00,7.163228107195317e-10,25-100 keV,HXR-3,True,1e-09,1.0,1.0.0
2026-01-02 07:35:00+00:00,1.0098350676521126e-09,25-100 keV,HXR-3,True,1e-09,1.0,1.0.0
2026-01-02 07:40:00+00:00,9.974468563747552e-10,25-100 keV,HXR-3,True,1e-09,1.0,1.0.0
2026-01-02 07:45:00+00:00,9.526642270851767e-10,25-100 keV,HXR-3,True,1e-09,1.0,1.0.0
2026-01-02 07:50:00+00:00,9.300762238706522e-10,25-100 keV,HXR-3,True,1e-09,1.0,1.0.0
2026-01-02 07:55:00+00:00,1.1020632499702604e-09,25-100 keV,HXR-3,True,1e-09,1.0,1.0.0
2026-01-02 08:00:00+00:00,9.09086586624512e-10,25-100 keV,HXR-3,True,1e-09,1.0,1.0.0
2026-01-02 08:05:00+00:00,5.657995489626441e-10,25-100 keV,HXR-3,True,1e-09,1.0,1.0.0
2026-01-02 08:10:00+00:00,7.735472989569111e-10,25-100 keV,HXR-3,True,1e-09,1.0,1.0.0
2026-01-02 08:15:00+00:00,9.5351441160035e-10,25-100 keV,HXR-3,True,1e-09,1.0,1.0.0
2026-01-02 08:20:00+00:00,1.1358071439355776e-09,25-100 keV,HXR-3,True,1e-09,1.0,1.0.0
2026-01-02 08:25:00+00:00,1.083133748023504e-09,25-100 keV,HXR-3,True,1e-09,1.0,1.0.0
2026-01-02 08:30:00+00:00,6.762018026535385e-10,25-100 keV,HXR-3,True,1e-09,1.0,1.0.0
2026-01-02 08:35:00+00:00,1.0830432712659423e-09,25-100 keV,HXR-3,True,1e-09,1.0,1.0.0
2026-01-02 08:40:00+00:00,1.016134161129882e-09,25-100 keV,HXR-3,True,1e-09,1.0,1.0.0
2026-01-02 08:45:00+00:00,9.208220964016655e-10,25-100 keV,HXR-3,True,1e-09,1.0,1.0.0
2026-01-02 08:50:00+00:00,9.234734619384152e-10,25-100 keV,HXR-3,True,1e-09,1.0,1.0.0
2026-01-02 08:55:00+00:00,1.08786965340283e-09,25-100 keV,HXR-3,True,1e-09,1.0,1.0.0
2026-01-02 09:00:00+00:00,1.0437171643924343e-09,25-100 keV,HXR-3,True,1e-09,1.0,1.0.0
2026-01-02 09:05:00+00:00,8.484150335048793e-10,25-100 keV,HXR-3,True,1e-09,1.0,1.0.0
2026-01-02 09:10:00+00:00,8.366555502688444e-10,25-100 keV,HXR-3,True,1e-09,1.0,1.0.0
2026-01-02 09:15:00+00:00,1.0165804736256344e-09,25-100 keV,HXR-3,True,1e-09,1.0,1.0.0
2026-01-02 09:20:00+00:00,1.2778601463257562e-09,25-100 keV,HXR-3,True,1e-09,1.0,1.0.0
2026-01-02 09:25:00+00:00,1.1575312021244455e-09,25-100 keV,HXR-3,True,1e-09,1.0,1.0.0
2026-01-02 09:30:00+00:00,1.0891313849490562e-09,25-100 keV,HXR-3,True,1e-09,1.0,1.0.0
2026-01-02 09:35:00+00:00,8.398818531474367e-10,25-100 keV,HXR-3,True,1e-09,1.0,1.0.0
2026-01-02 09:40:00+00:00,8.777811447016114e-10,25-100 keV,HXR-3,True,1e-09,1.0,1.0.0
2026-01-02 09:45:00+00:00,1.0991557543261466e-09,25-100 keV,HXR-3,True,1e-09,1.0,1.0.0
2026-01-02 09:50:00+00:00,1.119964287839376e-09,25-100 keV,HXR-3,True,1e-09,1.0,1.0.0
2026-01-02 09:55:00+00:00,8.786510324996633e-10,25-100 keV,HXR-3,True,1e-09,1.0,1.0.0
2026-01-02 10:00:00+00:00,9.747917708525247e-10,25-100 keV,HXR-3,True,1e-09,1.0,1.0.0
2026-01-02 10:05:00+00:00,8.742444189440882e-10,25-100 keV,HXR-3,True,1e-09,1.0,1.0.0
2026-01-02 10:10:00+00:00,9.129875474384056e-10,25-100 keV,HXR-3,True,1e-09,1.0,1.0.0
2026-01-02 10:15:00+00:00,1.1508309714310696e-09,25-100 keV,HXR-3,True,1e-09,1.0,1.0.0
2026-01-02 10:20:00+00:00,9.574811410498818e-10,25-100 keV,HXR-3,True,1e-09,1.0,1.0.0
2026-01-02 10:25:00+00:00,8.605584498912112e-10,25-100 keV,HXR-3,True,1e-09,1.0,1.0.0
2026-01-02 10:30:00+00:00,7.772441842017138e-10,25-100 keV,HXR-3,True,1e-09,1.0,1.0.0
2026-01-02 10:35:00+00:00,9.779506905253537e-10,25-100 keV,HXR-3,True,1e-09,1.0,1.0.0
2026-01-02 10:40:00+00:00,9.535264921062994e-10,25-100 keV,HXR-3,True,1e-09,1.0,1.0.0
2026-01-02 10:45:00+00:00,1.2167018866904844e-09,25-100 keV,HXR-3,True,1e-09,1.0,1.0.0
2026-01-02 10:50:00+00:00,8.720811128940458e-10,25-100 keV,HXR-3,True,1e-09,1.0,1.0.0
2026-01-02 10:55:00+00:00,8.563370242873347e-10,25-100 keV,HXR-3,True,1e-09,1.0,1.0.0
2026-01-02 11:00:00+00:00,1.0939962687490257e-09,25-100 keV,HXR-3,True,1e-09,1.0,1.0.0
2026-01-02 11:05:00+00:00,1.032690623214585e-09,25-100 keV,HXR-3,True,1e-09,1.0,1.0.0
2026-01-02 11:10:00+00:00,9.9910908906183e-10,25-100 keV,HXR-3,True,1e-09,1.0,1.0.0
2026-01-02 11:15:00+00:00,1.024151892835005e-09,25-100 keV,HXR-3,True,1e-09,1.0,1.0.0
2026-01-02 11:20:00+00:00,9.307026830785878e-10,25-100 keV,HXR-3,True,1e-09,1.0,1.0.0
2026-01-02 11:25:00+00:00,1.0114212887029584e-09,25-100 keV,HXR-3,True,1e-09,1.0,1.0.0
2026-01-02 11:30:00+00:00,1.1144842478055053e-09,25-100 keV,HXR-3,True,1e-09,1.0,1.0.0
2026-01-02 11:35:00+00:00,8.317414460144619e-10,25-100 keV,HXR-3,True,1e-09,1.0,1.0.0
2026-01-02 11:40:00+00:00,1.1330875764517825e-09,25-100 keV,HXR-3,True,1e-09,1.0,1.0.0
2026-01-02 11:45:00+00:00,1.1602393427423309e-09,25-100 keV,HXR-3,True,1e-09,1.0,1.0.0
2026-01-02 11:50:00+00:00,9.220340238342786e-10,25-100 keV,HXR-3,True,1e-09,1.0,1.0.0
2026-01-02 11:55:00+00:00,1.4345263104043217e-09,25-100 keV,HXR-3,True,1e-09,1.0,1.0.0
2026-01-02 12:00:00+00:00,1.2830177696792315e-09,25-100 keV,HXR-3,True,1e-09,1.0,1.0.0
2026-01-02 12:05:00+00:00,7.445083039760791e-10,25-100 keV,HXR-3,True,1e-09,1.0,1.0.0
2026-01-02 12:10:00+00:00,1.152951712472318e-09,25-100 keV,HXR-3,True,1e-09,1.0,1.0.0
2026-01-02 12:15:00+00:00,1.11282060563737e-09,25-100 keV,HXR-3,True,1e-09,1.0,1.0.0
2026-01-02 12:20:00+00:00,8.376533846611868e-10,25-100 keV,HXR-3,True,1e-09,1.0,1.0.0
2026-01-02 12:25:00+00:00,1.0772427348690732e-09,25-100 keV,HXR-3,True,1e-09,1.0,1.0.0
2026-01-02 12:30:00+00:00,9.29421765586943e-10,25-100 keV,HXR-3,True,1e-09,1.0,1.0.0
2026-01-02 12:35:00+00:00,1.1343731322251384e-09,25-100 keV,HXR-3,True,1e-09,1.0,1.0.0
2026-01-02 12:40:00+00:00,8.543223325385578e-10,25-100 keV,HXR-3,True,1e-09,1.0,1.0.0
2026-01-02 12:45:00+00:00,8.515560203987256e-10,25-100 keV,HXR-3,True,1e-09,1.0,1.0.0
2026-01-02 12:50:00+00:00,1.283182431608947e-09,25-100 keV,HXR-3,True,1e-09,1.0,1.0.0
2026-01-02 12:55:00+00:00,1.0058268308489898e-09,25-100 keV,HXR-3,True,1e-09,1.0,1.0.0
2026-01-02 13:00:00+00:00,1.1164045440413707e-09,25-100 keV,HXR-3,True,1e-09,1.0,1.0.0
2026-01-02 13:05:00+00:00,1.1482288574470201e-09,25-100 keV,HXR-3,True,1e-09,1.0,1.0.0
2026-01-02 13:10:00+00:00,9.802216320905306e-10,25-100 keV,HXR-3,True,1e-09,1.0,1.0.0
2026-01-02 13:15:00+00:00,9.373805227343942e-10,25-100 keV,HXR-3,True,1e-09,1.0,1.0.0
2026-01-02 13:20:00+00:00,1.0766903174058095e-09,25-100 keV,HXR-3,True,1e-09,1.0,1.0.0
2026-01-02 13:25:00+00:00,1.2683063320566238e-09,25-100 keV,HXR-3,True,1e-09,1.0,1.0.0
2026-01-02 13:30:00+00:00,1.0237941274863094e-09,25-100 keV,HXR-3,True,1e-09,1.0,1.0.0
2026-01-02 13:35:00+00:00,1.0642742829068216e-09,25-100 keV,HXR-3,True,1e-09,1.0,1.0.0
2026-01-02 13:40:00+00:00,9.726766064242661e-10,25-100 keV,HXR-3,True,1e-09,1.0,1.0.0
2026-01-02 13:45:00+00:00,1.0522292510029515e-09,25-100 keV,HXR-3,True,1e-09,1.0,1.0.0
2026-01-02 13:50:00+00:00,9.254153504742526e-10,25-100 keV,HXR-3,True,1e-09,1.0,1.0.0
2026-01-02 13:55:00+00:00,1.0555789200335555e-09,25-100 keV,HXR-3,True,1e-09,1.0,1.0.0
2026-01-02 14:00:00+00:00,1.148852810556637e-09,25-100 keV,HXR-3,True,1e-09,1.0,1.0.0
2026-01-02 14:05:00+00:00,1.2162995696465734e-09,25-100 keV,HXR-3,True,1e-09,1.0,1.0.0
2026-01-02 14:10:00+00:00,1.1420755832051448e-09,25-100 keV,HXR-3,True,1e-09,1.0,1.0.0
2026-01-02 14:15:00+00:00,1.069962199156251e-09,25-100 keV,HXR-3,True,1e-09,1.0,1.0.0
2026-01-02 14:20:00+00:00,1.2974720128048875e-09,25-100 keV,HXR-3,True,1e-09,1.0,1.0.0
2026-01-02 14:25:00+00:00,9.918656046384865e-10,25-100 keV,HXR-3,True,1e-09,1.0,1.0.0
2026-01-02 14:30:00+00:00,9.744883546666504e-10,25-100 keV,HXR-3,True,1e-09,1.0,1.0.0
2026-01-02 14:35:00+00:00,7.268284110030377e-10,25-100 keV,HXR-3,True,1e-09,1.0,1.0.0
2026-01-02 14:40:00+00:00,1.0498666477716221e-09,25-100 keV,HXR-3,True,1e-09,1.0,1.0.0
2026-01-02 14:45:00+00:00,1.102249938917746e-09,25-100 keV,HXR-3,True,1e-09,1.0,1.0.0
2026-01-02 14:50:00+00:00,1.16903345799561e-09,25-100 keV,HXR-3,True,1e-09,1.0,1.0.0
2026-01-02 14:55:00+00:00,9.846126165558162e-10,25-100 keV,HXR-3,True,1e-09,1.0,1.0.0
2026-01-02 15:00:00+00:00,1.349992228471818e-09,25-100 keV,HXR-3,True,1e-09,1.0,1.0.0
2026-01-02 15:05:00+00:00,1.1341848252677309e-09,25-100 keV,HXR-3,True,1e-09,1.0,1.0.0
2026-01-02 15:10:00+00:00,8.416021299745178e-10,25-100 keV,HXR-3,True,1e-09,1.0,1.0.0
2026-01-02 15:15:00+00:00,1.0604414457648964e-09,25-100 keV,HXR-3,True,1e-09,1.0,1.0.0
2026-01-02 15:20:00+00:00,9.99262695391085e-10,25-100 keV,HXR-3,True,1e-09,1.0,1.0.0
2026-01-02 15:25:00+00:00,1.2018145384749682e-09,25-100 keV,HXR-3,True,1e-09,1.0,1.0.0
2026-01-02 15:30:00+00:00,1.008417750235121e-09,25-100 keV,HXR-3,True,1e-09,1.0,1.0.0
2026-01-02 15:35:00+00:00,8.763092315140259e-10,25-100 keV,HXR-3,True,1e-09,1.0,1.0.0
2026-01-02 15:40:00+00:00,1.0488950736442936e-09,25-100 keV,HXR-3,True,1e-09,1.0,1.0.0
2026-01-02 15:45:00+00:00,9.19966201281503e-10,25-100 keV,HXR-3,True,1e-09,1.0,1.0.0
2026-01-02 15:50:00+00:00,7.385353354265936e-10,25-100 keV,HXR-3,True,1e-09,1.0,1.0.0
2026-01-02 15:55:00+00:00,8.745386336485295e-10,25-100 keV,HXR-3,True,1e-09,1.0,1.0.0
2026-01-02 16:00:00+00:00,1.0239248753106876e-09,25-100 keV,HXR-3,True,1e-09,1.0,1.0.0
2026-01-02 16:05:00+00:00,9.193036042638187e-10,25-100 keV,HXR-3,True,1e-09,1.0,1.0.0
2026-01-02 16:10:00+00:00,1.196652154758536e-09,25-100 keV,HXR-3,True,1e-09,1.0,1.0.0
2026-01-02 16:15:00+00:00,8.027464849001658e-10,25-100 keV,HXR-3,True,1e-09,1.0,1.0.0
2026-01-02 16:20:00+00:00,8.84868995684276e-10,25-100 keV,HXR-3,True,1e-09,1.0,1.0.0
2026-01-02 16:25:00+00:00,8.507740572741622e-10,25-100 keV,HXR-3,True,1e-09,1.0,1.0.0
2026-01-02 16:30:00+00:00,1.025707900421776e-09,25-100 keV,HXR-3,True,1e-09,1.0,1.0.0
2026-01-02 16:35:00+00:00,1.2079983141771714e-09,25-100 keV,HXR-3,True,1e-09,1.0,1.0.0
2026-01-02 16:40:00+00:00,1.0034468952376227e-09,25-100 keV,HXR-3,True,1e-09,1.0,1.0.0
2026-01-02 16:45:00+00:00,9.711499208484093e-10,25-100 keV,HXR-3,True,1e-09,1.0,1.0.0
2026-01-02 16:50:00+00:00,1.1885164125201768e-09,25-100 keV,HXR-3,True,1e-09,1.0,1.0.0
2026-01-02 16:55:00+00:00,1.3478772958795256e-09,25-100 keV,HXR-3,True,1e-09,1.0,1.0.0
2026-01-02 17:00:00+00:00,1.0599324468504377e-09,25-100 keV,HXR-3,True,1e-09,1.0,1.0.0
2026-01-02 17:05:00+00:00,7.103357599897957e-10,25-100 keV,HXR-3,True,1e-09,1.0,1.0.0
2026-01-02 17:10:00+00:00,8.119418391893121e-10,25-100 keV,HXR-3,True,1e-09,1.0,1.0.0
2026-01-02 17:15:00+00:00,1.0824700051085135e-09,25-100 keV,HXR-3,True,1e-09,1.0,1.0.0
2026-01-02 17:20:00+00:00,1.0569970051913438e-09,25-100 keV,HXR-3,True,1e-09,1.0,1.0.0
2026-01-02 17:25:00+00:00,6.805444928450742e-10,25-100 keV,HXR-3,True,1e-09,1.0,1.0.0
2026-01-02 17:30:00+00:00,1.0778816532338615e-09,25-100 keV,HXR-3,True,1e-09,1.0,1.0.0
2026-01-02 17:35:00+00:00,1.0967570115150733e-09,25-100 keV,HXR-3,True,1e-09,1.0,1.0.0
2026-01-02 17:40:00+00:00,7.987722588215067e-10,25-100 keV,HXR-3,True,1e-09,1.0,1.0.0
2026-01-02 17:45:00+00:00,1.2459112067085513e-09,25-100 keV,HXR-3,True,1e-09,1.0,1.0.0
2026-01-02 17:50:00+00:00,1.0266492624964433e-09,25-100 keV,HXR-3,True,1e-09,1.0,1.0.0
2026-01-02 17:55:00+00:00,1.0845714689139578e-09,25-100 keV,HXR-3,True,1e-09,1.0,1.0.0
2026-01-02 18:00:00+00:00,9.187223141322548e-10,25-100 keV,HXR-3,True,1e-09,1.0,1.0.0
2026-01-02 18:05:00+00:00,1.2572556562082479e-09,25-100 keV,HXR-3,True,1e-09,1.0,1.0.0
2026-01-02 18:10:00+00:00,1.3537861234936894e-09,25-100 keV,HXR-3,True,1e-09,1.0,1.0.0
2026-01-02 18:15:00+00:00,1.0304047681939668e-09,25-100 keV,HXR-3,True,1e-09,1.0,1.0.0
2026-01-02 18:20:00+00:00,1.2299684587848465e-09,25-100 keV,HXR-3,True,1e-09,1.0,1.0.0
2026-01-02 18:25:00+00:00,8.357520799629886e-10,25-100 keV,HXR-3,True,1e-09,1.0,1.0.0
2026-01-02 18:30:00+00:00,1.0114935122786341e-09,25-100 keV,HXR-3,True,1e-09,1.0,1.0.0
2026-01-02 18:35:00+00:00,8.626183281463824e-10,25-100 keV,HXR-3,True,1e-09,1.0,1.0.0
2026-01-02 18:40:00+00:00,9.778055871097411e-10,25-100 keV,HXR-3,True,1e-09,1.0,1.0.0
2026-01-02 18:45:00+00:00,8.659679483284527e-10,25-100 keV,HXR-3,True,1e-09,1.0,1.0.0
2026-01-02 18:50:00+00:00,9.593931876666292e-10,25-100 keV,HXR-3,True,1e-09,1.0,1.0.0
2026-01-02 18:55:00+00:00,1.1024040314425112e-09,25-100 keV,HXR-3,True,1e-09,1.0,1.0.0
2026-01-02 19:00:00+00:00,7.579408035050656e-10,25-100 keV,HXR-3,True,1e-09,1.0,1.0.0
2026-01-02 19:05:00+00:00,8.153496296383011e-10,25-100 keV,HXR-3,True,1e-09,1.0,1.0.0
2026-01-02 19:10:00+00:00,9.423643207593568e-10,25-100 keV,HXR-3,True,1e-09,1.0,1.0.0
2026-01-02 19:15:00+00:00,1.0954649835337273e-09,25-100 keV,HXR-3,True,1e-09,1.0,1.0.0
2026-01-02 19:20:00+00:00,1.266097668549139e-09,25-100 keV,HXR-3,True,1e-09,1.0,1.0.0
2026-01-02 19:25:00+00:00,9.460308115041355e-10,25-100 keV,HXR-3,True,1e-09,1.0,1.0.0
2026-01-02 19:30:00+00:00,9.940341257144555e-10,25-100 keV,HXR-3,True,1e-09,1.0,1.0.0
2026-01-02 19:35:00+00:00,9.329981141130574e-10,25-100 keV,HXR-3,True,1e-09,1.0,1.0.0
2026-01-02 19:40:00+00:00,9.115178682464972e-10,25-100 keV,HXR-3,True,1e-09,1.0,1.0.0
2026-01-02 19:45:00+00:00,1.0234162508708822e-09,25-100 keV,HXR-3,True,1e-09,1.0,1.0.0
2026-01-02 19:50:00+00:00,9.311544666081553e-10,25-100 keV,HXR-3,True,1e-09,1.0,1.0.0
2026-01-02 19:55:00+00:00,1.1204454071456787e-09,25-100 keV,HXR-3,True,1e-09,1.0,1.0.0
2026-01-02 20:00:00+00:00,9.712067069702794e-10,25-100 keV,HXR-3,True,1e-09,1.0,1.0.0
2026-01-02 20:05:00+00:00,1.0934303364957514e-09,25-100 keV,HXR-3,True,1e-09,1.0,1.0.0
2026-01-02 20:10:00+00:00,1.1635653615858094e-09,25-100 keV,HXR-3,True,1e-09,1.0,1.0.0
2026-01-02 20:15:00+00:00,1.113437391570521e-09,25-100 keV,HXR-3,True,1e-09,1.0,1.0.0
2026-01-02 20:20:00+00:00,8.902451030241671e-10,25-100 keV,HXR-3,True,1e-09,1.0,1.0.0
2026-01-02 20:25:00+00:00,1.068644398385336e-09,25-100 keV,HXR-3,True,1e-09,1.0,1.0.0
2026-01-02 20:30:00+00:00,1.1077749850152379e-09,25-100 keV,HXR-3,True,1e-09,1.0,1.0.0
2026-01-02 20:35:00+00:00,9.723765729574837e-10,25-100 keV,HXR-3,True,1e-09,1.0,1.0.0
2026-01-02 20:40:00+00:00,1.2251780105406896e-09,25-100 keV,HXR-3,True,1e-09,1.0,1.0.0
2026-01-02 20:45:00+00:00,9.795029174810239e-10,25-100 keV,HXR-3,True,1e-09,1.0,1.0.0
2026-01-02 20:50:00+00:00,9.235922183218384e-10,25-100 keV,HXR-3,True,1e-09,1.0,1.0.0
2026-01-02 20:55:00+00:00,9.088297616928883e-10,25-100 keV,HXR-3,True,1e-09,1.0,1.0.0
2026-01-02 21:00:00+00:00,1.044444439049403e-09,25-100 keV,HXR-3,True,1e-09,1.0,1.0.0
2026-01-02 21:05:00+00:00,1.1108666151090884e-09,25-100 keV,HXR-3,True,1e-09,1.0,1.0.0
2026-01-02 21:10:00+00:00,9.713087027671822e-10,25-100 keV,HXR-3,True,1e-09,1.0,1.0.0
2026-01-02 21:15:00+00:00,1.1579745610018612e-09,25-100 keV,HXR-3,True,1e-09,1.0,1.0.0
2026-01-02 21:20:00+00:00,1.2940129210461107e-09,25-100 keV,HXR-3,True,1e-09,1.0,1.0.0
2026-01-02 21:25:00+00:00,8.799048467212358e-10,25-100 keV,HXR-3,True,1e-09,1.0,1.0.0
2026-01-02 21:30:00+00:00,1.1053474698398878e-09,25-100 keV,HXR-3,True,1e-09,1.0,1.0.0
2026-01-02 21:35:00+00:00,1.214836838034741e-09,25-100 keV,HXR-3,True,1e-09,1.0,1.0.0
2026-01-02 21:40:00+00:00,9.191645866139802e-10,25-100 keV,HXR-3,True,1e-09,1.0,1.0.0
2026-01-02 21:45:00+00:00,8.163549206909324e-10,25-100 keV,HXR-3,True,1e-09,1.0,1.0.0
2026-01-02 21:50:00+00:00,1.091275640236048e-09,25-100 keV,HXR-3,True,1e-09,1.0,1.0.0
2026-01-02 21:55:00+00:00,1.063950863833908e-09,25-100 keV,HXR-3,True,1e-09,1.0,1.0.0
2026-01-02 22:00:00+00:00,9.019477425404886e-10,25-100 keV,HXR-3,True,1e-09,1.0,1.0.0
2026-01-02 22:05:00+00:00,1.0820532853201096e-09,25-100 keV,HXR-3,True,1e-09,1.0,1.0.0
2026-01-02 22:10:00+00:00,1.0544823724155414e-09,25-100 keV,HXR-3,True,1e-09,1.0,1.0.0
2026-01-02 22:15:00+00:00,9.776230637870805e-10,25-100 keV,HXR-3,True,1e-09,1.0,1.0.0
2026-01-02 22:20:00+00:00,1.090755586574346e-09,25-100 keV,HXR-3,True,1e-09,1.0,1.0.0
2026-01-02 22:25:00+00:00,9.602098883282319e-10,25-100 keV,HXR-3,True,1e-09,1.0,1.0.0
2026-01-02 22:30:00+00:00,1.0871093208586563e-09,25-100 keV,HXR-3,True,1e-09,1.0,1.0.0
2026-01-02 22:35:00+00:00,6.257705732595117e-10,25-100 keV,HXR-3,True,1e-09,1.0,1.0.0
2026-01-02 22:40:00+00:00,9.338542121660038e-10,25-100 keV,HXR-3,True,1e-09,1.0,1.0.0
2026-01-02 22:45:00+00:00,1.0110713914625503e-09,25-100 keV,HXR-3,True,1e-09,1.0,1.0.0
2026-01-02 22:50:00+00:00,8.297213691613359e-10,25-100 keV,HXR-3,True,1e-09,1.0,1.0.0
2026-01-02 22:55:00+00:00,9.632804591461407e-10,25-100 keV,HXR-3,True,1e-09,1.0,1.0.0
2026-01-02 23:00:00+00:00,9.09568302088687e-10,25-100 keV,HXR-3,True,1e-09,1.0,1.0.0
2026-01-02 23:05:00+00:00,1.007484248227896e-09,25-100 keV,HXR-3,True,1e-09,1.0,1.0.0
2026-01-02 23:10:00+00:00,8.053331326183237e-10,25-100 keV,HXR-3,True,1e-09,1.0,1.0.0
2026-01-02 23:15:00+00:00,8.032975618377312e-10,25-100 keV,HXR-3,True,1e-09,1.0,1.0.0
2026-01-02 23:20:00+00:00,8.320984885634173e-10,25-100 keV,HXR-3,True,1e-09,1.0,1.0.0
2026-01-02 23:25:00+00:00,8.491126880217291e-10,25-100 keV,HXR-3,True,1e-09,1.0,1.0.0
2026-01-02 23:30:00+00:00,8.292139648475022e-10,25-100 keV,HXR-3,True,1e-09,1.0,1.0.0
2026-01-02 23:35:00+00:00,9.875400996128295e-10,25-100 keV,HXR-3,True,1e-09,1.0,1.0.0
2026-01-02 23:40:00+00:00,1.280603255279877e-09,25-100 keV,HXR-3,True,1e-09,1.0,1.0.0
2026-01-02 23:45:00+00:00,1.1285442080957192e-09,25-100 keV,HXR-3,True,1e-09,1.0,1.0.0
2026-01-02 23:50:00+00:00,7.588664345308608e-10,25-100 keV,HXR-3,True,1e-09,1.0,1.0.0
2026-01-02 23:55:00+00:00,1.1890957421044008e-09,25-100 keV,HXR-3,True,1e-09,1.0,1.0.0
