timestamp,soft_xray_flux
2017-09-05 00:00:00+00:00,5.743773663803545e-08
2017-09-05 00:05:00+00:00,4.6680127150076036e-08
2017-09-05 00:10:00+00:00,6.100360956645166e-08
2017-09-05 00:15:00+00:00,6.252451773112972e-08
2017-09-05 00:20:00+00:00,3.939171849076931e-08
2017-09-05 00:25:00+00:00,4.4582563945101455e-08
2017-09-05 00:30:00+00:00,5.6022723225338285e-08
2017-09-05 00:35:00+00:00,5.2470059261251346e-08
2017-09-05 00:40:00+00:00,5.486559073996569e-08
2017-09-05 00:45:00+00:00,4.817564857941136e-08
2017-09-05 00:50:00+00:00,6.203518379890263e-08
2017-09-05 00:55:00+00:00,6.122233548343159e-08
2017-09-05 01:00:00+00:00,5.552824558048973e-08
2017-09-05 01:05:00+00:00,6.401792965574426e-08
2017-09-05 01:10:00+00:00,5.8740074738016365e-08
2017-09-05 01:15:00+00:00,4.81256602969341e-08
2017-09-05 01:20:00+00:00,5.795000627265999e-08
2017-09-05 01:25:00+00:00,4.732893919336801e-08
2017-09-05 01:30:00+00:00,6.202760241045818e-08
2017-09-05 01:35:00+00:00,5.460059271210998e-08
2017-09-05 01:40:00+00:00,5.3521101091637916e-08
2017-09-05 01:45:00+00:00,4.955256364476847e-08
2017-09-05 01:50:00+00:00,6.478033070939225e-08
2017-09-05 01:55:00+00:00,5.3763764143449584e-08
2017-09-05 02:00:00+00:00,5.157337742269514e-08
2017-09-05 02:05:00+00:00,5.218293159609417e-08
2017-09-05 02:10:00+00:00,5.9258473484426794e-08
2017-09-05 02:15:00+00:00,5.792355251491263e-08
2017-09-05 02:20:00+00:00,5.830186089276791e-08
2017-09-05 02:25:00+00:00,5.844656802406306e-08
2017-09-05 02:30:00+00:00,7.213318080696369e-08
2017-09-05 02:35:00+00:00,5.174867986892308e-08
2017-09-05 02:40:00+00:00,5.09020581674277e-08
2017-09-05 02:45:00+00:00,4.8489818174016984e-08
2017-09-05 02:50:00+00:00,5.992783538060397e-08
2017-09-05 02:55:00+00:00,6.403177834176714e-08
2017-09-05 03:00:00+00:00,5.4088420338761e-08
2017-09-05 03:05:00+00:00,4.8278748184299775e-08
2017-09-05 03:10:00+00:00,4.8404150274470084e-08
2017-09-05 03:15:00+00:00,6.020474230259762e-08
2017-09-05 03:20:00+00:00,6.094603336962755e-08
2017-09-05 03:25:00+00:00,5.934523414644156e-08
2017-09-05 03:30:00+00:00,4.9675922341690446e-08
2017-09-05 03:35:00+00:00,5.685729058453376e-08
2017-09-05 03:40:00+00:00,5.593348647312583e-08
2017-09-05 03:45:00+00:00,5.6749508773832106e-08
2017-09-05 03:50:00+00:00,6.197143022358552e-08
2017-09-05 03:55:00+00:00,5.6788764390197464e-08
2017-09-05 04:00:00+00:00,6.043130850457516e-08
2017-09-05 04:05:00+00:00,5.5540632555911134e-08
2017-09-05 04:10:00+00:00,5.731295518951988e-08
2017-09-05 04:15:00+00:00,6.005030580670832e-08
2017-09-05 04:20:00+00:00,4.3342753441154675e-08
2017-09-05 04:25:00+00:00,5.244263026914159e-08
2017-09-05 04:30:00+00:00,5.123701876565764e-08
2017-09-05 04:35:00+00:00,4.9888977214053266e-08
2017-09-05 04:40:00+00:00,5.279886199018653e-08
2017-09-05 04:45:00+00:00,6.695953048987517e-08
2017-09-05 04:50:00+00:00,4.8073351074454056e-08
2017-09-05 04:55:00+00:00,6.274622683673185e-08
2017-09-05 05:00:00+00:00,4.153704182707356e-08
2017-09-05 05:05:00+00:00,5.23209197601138e-08
2017-09-05 05:10:00+00:00,5.630202452084005e-08
2017-09-05 05:15:00+00:00,5.968977865087423e-08
2017-09-05 05:20:00+00:00,6.068981263834284e-08
2017-09-05 05:25:00+00:00,6.134677788159941e-08
2017-09-05 05:30:00+00:00,5.2210199422012503e-08
2017-09-05 05:35:00+00:00,5.1301185658683465e-08
2017-09-05 05:40:00+00:00,6.186380705005723e-08
2017-09-05 05:45:00+00:00,5.346956540094708e-08
2017-09-05 05:50:00+00:00,4.479450941329663e-08
2017-09-05 05:55:00+00:00,4.5933702287972154e-08
2017-09-05 06:00:00+00:00,4.7644381711987115e-08
2017-09-05 06:05:00+00:00,5.897728595243012e-08
2017-09-05 06:10:00+00:00,5.6139405888564525e-08
2017-09-05 06:15:00+00:00,6.052388283254215e-08
2017-09-05 06:20:00+00:00,5.158197882930773e-08
2017-09-05 06:25:00+00:00,5.626831752861372e-08
2017-09-05 06:30:00+00:00,6.00047231517387e-08
2017-09-05 06:35:00+00:00,5.252522768223809e-08
2017-09-05 06:40:00+00:00,5.86542019004593e-08
2017-09-05 06:45:00+00:00,4.9704592471466793e-08
2017-09-05 06:50:00+00:00,5.209556922747943e-08
2017-09-05 06:55:00+00:00,5.194609684801337e-08
2017-09-05 07:00:00+00:00,4.543328283528768e-08
2017-09-05 07:05:00+00:00,5.889577984628466e-08
2017-09-05 07:10:00+00:00,5.124478127837821e-08
2017-09-05 07:15:00+00:00,5.50999529498215e-08
2017-09-05 07:20:00+00:00,5.884597327124728e-08
2017-09-05 07:25:00+00:00,5.857224940823955e-08
2017-09-05 07:30:00+00:00,6.03230808717823e-08
2017-09-05 07:35:00+00:00,5.421211612392461e-08
2017-09-05 07:40:00+00:00,5.161361350364677e-08
2017-09-05 07:45:00+00:00,5.436225431274881e-08
2017-09-05 07:50:00+00:00,4.150132452833576e-08
2017-09-05 07:55:00+00:00,4.3423100220615306e-08
2017-09-05 08:00:00+00:00,4.4418403101164785e-08
2017-09-05 08:05:00+00:00,4.702202537918815e-08
2017-09-05 08:10:00+00:00,5.8198193813787494e-08
2017-09-05 08:15:00+00:00,4.7756167557119514e-08
2017-09-05 08:20:00+00:00,5.197469956768488e-08
2017-09-05 08:25:00+00:00,6.539382638228852e-08
2017-09-05 08:30:00+00:00,5.2149888231508595e-08
2017-09-05 08:35:00+00:00,6.09001245477367e-08
2017-09-05 08:40:00+00:00,4.753105855992099e-08
2017-09-05 08:45:00+00:00,5.3356499537058966e-08
2017-09-05 08:50:00+00:00,4.739982356071535e-08
2017-09-05 08:55:00+00:00,5.2287735392795505e-08
2017-09-05 09:00:00+00:00,6.172246509965916e-08
2017-09-05 09:05:00+00:00,4.1181436614461215e-08
2017-09-05 09:10:00+00:00,5.847538914836686e-08
2017-09-05 09:15:00+00:00,5.690188481865823e-08
2017-09-05 09:20:00+00:00,5.0246800354425646e-08
2017-09-05 09:25:00+00:00,4.343153716489236e-08
2017-09-05 09:30:00+00:00,5.5577036061710956e-08
2017-09-05 09:35:00+00:00,5.076405832748961e-08
2017-09-05 09:40:00+00:00,5.686140969083847e-08
2017-09-05 09:45:00+00:00,5.517481716421213e-08
2017-09-05 09:50:00+00:00,6.781423113117752e-08
2017-09-05 09:55:00+00:00,5.308515499294904e-08
2017-09-05 10:00:00+00:00,4.681202028238823e-08
2017-09-05 10:05:00+00:00,5.6434208373364647e-08
2017-09-05 10:10:00+00:00,5.6760014300134536e-08
2017-09-05 10:15:00+00:00,6.587392604320857e-08
2017-09-05 10:20:00+00:00,6.168461662048871e-08
2017-09-05 10:25:00+00:00,5.788240947567673e-08
2017-09-05 10:30:00+00:00,6.687627980631792e-08
2017-09-05 10:35:00+00:00,4.637372187235225e-08
2017-09-05 10:40:00+00:00,5.374790787747483e-08
2017-09-05 10:45:00+00:00,6.18021836754928e-08
2017-09-05 10:50:00+00:00,9.581845519816128e-08
2017-09-05 10:55:00+00:00,1.581482708292364e-07
2017-09-05 11:00:00+00:00,3.0943341635181137e-07
2017-09-05 11:05:00+00:00,5.11055580194824e-07
2017-09-05 11:10:00+00:00,7.498818275016949e-07
2017-09-05 11:15:00+00:00,9.637307230823686e-07
2017-09-05 11:20:00+00:00,1.0575081107796015e-06
2017-09-05 11:25:00+00:00,9.78560368275184e-07
2017-09-05 11:30:00+00:00,7.776221249912504e-07
2017-09-05 11:35:00+00:00,5.361442614996729e-07
2017-09-05 11:40:00+00:00,3.076674842435041e-07
2017-09-05 11:45:00+00:00,1.6124545504943196e-07
2017-09-05 11:50:00+00:00,8.188056337755695e-08
2017-09-05 11:55:00+00:00,7.135648290548769e-08
2017-09-05 12:00:00+00:00,5.23623913769902e-08
2017-09-05 12:05:00+00:00,1.0378842586624788e-06
2017-09-05 12:10:00+00:00,9.96062694514287e-07
2017-09-05 12:15:00+00:00,9.363705754932644e-07
2017-09-05 12:20:00+00:00,8.642652447631092e-07
2017-09-05 12:25:00+00:00,7.629046663972789e-07
2017-09-05 12:30:00+00:00,6.602615810163238e-07
2017-09-05 12:35:00+00:00,5.530503866254941e-07
2017-09-05 12:40:00+00:00,4.5271482694955254e-07
2017-09-05 12:45:00+00:00,3.757620040857631e-07
2017-09-05 12:50:00+00:00,3.0392194837074956e-07
2017-09-05 12:55:00+00:00,2.5541390300634e-07
2017-09-05 13:00:00+00:00,1.913774794083958e-07
2017-09-05 13:05:00+00:00,1.584963609207231e-07
2017-09-05 13:10:00+00:00,1.1673416382821722e-07
2017-09-05 13:15:00+00:00,8.945738349207124e-08
2017-09-05 13:20:00+00:00,7.58445666866914e-08
2017-09-05 13:25:00+00:00,6.726120490349525e-08
2017-09-05 13:30:00+00:00,8.313675439772363e-08
2017-09-05 13:35:00+00:00,5.507391784894631e-08
2017-09-05 13:40:00+00:00,6.557383376936356e-08
2017-09-05 13:45:00+00:00,4.9964073693486676e-08
2017-09-05 13:50:00+00:00,6.365644409782215e-08
2017-09-05 13:55:00+00:00,5.8723987549415516e-08
2017-09-05 14:00:00+00:00,5.408235944663779e-08
2017-09-05 14:05:00+00:00,5.4843756467477946e-08
2017-09-05 14:10:00+00:00,4.9845346783794604e-08
2017-09-05 14:15:00+00:00,5.86086429092496e-08
2017-09-05 14:20:00+00:00,5.1378796626387284e-08
2017-09-05 14:25:00+00:00,4.5203610555830716e-08
2017-09-05 14:30:00+00:00,4.4780226058615124e-08
2017-09-05 14:35:00+00:00,5.63823005996598e-08
2017-09-05 14:40:00+00:00,6.763339588743047e-08
2017-09-05 14:45:00+00:00,5.6280202866437847e-08
2017-09-05 14:50:00+00:00,5.405099984483506e-08
2017-09-05 14:55:00+00:00,5.728664994518076e-08
2017-09-05 15:00:00+00:00,6.544802916363434e-08
2017-09-05 15:05:00+00:00,5.675506553642858e-08
2017-09-05 15:10:00+00:00,5.171258410309789e-08
2017-09-05 15:15:00+00:00,6.385031034963772e-08
2017-09-05 15:20:00+00:00,5.843005173105605e-08
2017-09-05 15:25:00+00:00,6.728604800848333e-08
2017-09-05 15:30:00+00:00,5.64658755206726e-08
2017-09-05 15:35:00+00:00,4.520424775326825e-08
2017-09-05 15:40:00+00:00,4.405472640814508e-08
2017-09-05 15:45:00+00:00,6.820742345875516e-08
2017-09-05 15:50:00+00:00,6.878932577376111e-08
2017-09-05 15:55:00+00:00,5.356384644658541e-08
2017-09-05 16:00:00+00:00,5.193450411128249e-08
2017-09-05 16:05:00+00:00,6.669159386251024e-08
2017-09-05 16:10:00+00:00,4.614412448397787e-08
2017-09-05 16:15:00+00:00,4.784728914377444e-08
2017-09-05 16:20:00+00:00,6.019133419557736e-08
2017-09-05 16:25:00+00:00,5.21724510468912e-08
2017-09-05 16:30:00+00:00,5.699730518497636e-08
2017-09-05 16:35:00+00:00,6.42983724950245e-08
2017-09-05 16:40:00+00:00,1.0409163806406511e-07
2017-09-05 16:45:00+00:00,2.3683734937135368e-07
2017-09-05 16:50:00+00:00,5.82967882736103e-07
2017-09-05 16:55:00+00:00,1.4300926304624576e-06
2017-09-05 17:00:00+00:00,3.030825128519306e-06
2017-09-05 17:05:00+00:00,5.54861059404393e-06
2017-09-05 17:10:00+00:00,8.528033492130253e-06
2017-09-05 17:15:00+00:00,1.1047513764300957e-05
2017-09-05 17:20:00+00:00,1.204797478106457e-05
2017-09-05 17:25:00+00:00,1.105459128125874e-05
2017-09-05 17:30:00+00:00,8.542106554631443e-06
2017-09-05 17:35:00+00:00,5.538389199517455e-06
2017-09-05 17:40:00+00:00,3.0474715572683096e-06
2017-09-05 17:45:00+00:00,1.421067764649574e-06
2017-09-05 17:50:00+00:00,5.796218187259933e-07
2017-09-05 17:55:00+00:00,2.335995570832808e-07
2017-09-05 18:00:00+00:00,1.0569596516970506e-07
2017-09-05 18:05:00+00:00,1.1943872825404348e-05
2017-09-05 18:10:00+00:00,1.1573829249991734e-05
2017-09-05 18:15:00+00:00,1.0996481381049176e-05
2017-09-05 18:20:00+00:00,1.0245598928284705e-05
2017-09-05 18:25:00+00:00,9.354989120929162e-06
2017-09-05 18:30:00+00:00,8.367244477330004e-06
2017-09-05 18:35:00+00:00,7.3246928119737345e-06
2017-09-05 18:40:00+00:00,6.301125370501449e-06
2017-09-05 18:45:00+00:00,5.307602679044341e-06
2017-09-05 18:50:00+00:00,4.400513255474123e-06
2017-09-05 18:55:00+00:00,3.561100441444032e-06
2017-09-05 19:00:00+00:00,2.8089696411212392e-06
2017-09-05 19:05:00+00:00,2.1918686881281816e-06
2017-09-05 19:10:00+00:00,1.6673158628246565e-06
2017-09-05 19:15:00+00:00,1.2583011411630658e-06
2017-09-05 19:20:00+00:00,9.379606564493176e-07
2017-09-05 19:25:00+00:00,6.933645218050131e-07
2017-09-05 19:30:00+00:00,4.890638327385871e-07
2017-09-05 19:35:00+00:00,3.513326963027505e-07
2017-09-05 19:40:00+00:00,2.403802975475697e-07
2017-09-05 19:45:00+00:00,1.8700663109454842e-07
2017-09-05 19:50:00+00:00,1.324610583561541e-07
2017-09-05 19:55:00+00:00,1.0507417898227208e-07
2017-09-05 20:00:00+00:00,8.160477019284114e-08
2017-09-05 20:05:00+00:00,7.463725195261143e-08
2017-09-05 20:10:00+00:00,5.305630367849913e-08
2017-09-05 20:15:00+00:00,5.0319695189726746e-08
2017-09-05 20:20:00+00:00,7.605952843105653e-08
2017-09-05 20:25:00+00:00,4.695084224470581e-08
2017-09-05 20:30:00+00:00,4.745814614779875e-08
2017-09-05 20:35:00+00:00,7.03566658706968e-08
2017-09-05 20:40:00+00:00,7.858827128306731e-08
2017-09-05 20:45:00+00:00,4.580660780898292e-08
2017-09-05 20:50:00+00:00,5.214443136202515e-08
2017-09-05 20:55:00+00:00,5.7777164245589025e-08
2017-09-05 21:00:00+00:00,6.885125112482628e-08
2017-09-05 21:05:00+00:00,4.71154319002093e-08
2017-09-05 21:10:00+00:00,5.304256336810371e-08
2017-09-05 21:15:00+00:00,6.122088210048984e-08
2017-09-05 21:20:00+00:00,5.847910282033485e-08
2017-09-05 21:25:00+00:00,5.19911777164916e-08
2017-09-05 21:30:00+00:00,5.392959904362861e-08
2017-09-05 21:35:00+00:00,4.4000910303931385e-08
2017-09-05 21:40:00+00:00,5.309464164546388e-08
2017-09-05 21:45:00+00:00,5.286891282197368e-08
2017-09-05 21:50:00+00:00,5.6857364151618475e-08
2017-09-05 21:55:00+00:00,5.055738419852532e-08
2017-09-05 22:00:00+00:00,5.877230891967583e-08
2017-09-05 22:05:00+00:00,6.310172681732682e-08
2017-09-05 22:10:00+00:00,5.6243434721403094e-08
2017-09-05 22:15:00+00:00,5.781405130289223e-08
2017-09-05 22:20:00+00:00,5.542524279310249e-08
2017-09-05 22:25:00+00:00,5.50006751490058e-08
2017-09-05 22:30:00+00:00,4.922753573309174e-08
2017-09-05 22:35:00+00:00,5.7531954093858166e-08
2017-09-05 22:40:00+00:00,5.422170721284406e-08
2017-09-05 22:45:00+00:00,7.174534647149275e-08
2017-09-05 22:50:00+00:00,6.758683921981678e-08
2017-09-05 22:55:00+00:00,5.8086772420456504e-08
2017-09-05 23:00:00+00:00,4.88955423224432e-08
2017-09-05 23:05:00+00:00,4.610070822413305e-08
2017-09-05 23:10:00+00:00,6.452914362471103e-08
2017-09-05 23:15:00+00:00,5.710199380117714e-08
2017-09-05 23:20:00+00:00,5.88411472271329e-08
2017-09-05 23:25:00+00:00,4.104331210420646e-08
2017-09-05 23:30:00+00:00,6.241950785246544e-08
2017-09-05 23:35:00+00:00,5.863536270571491e-08
2017-09-05 23:40:00+00:00,4.611655452468418e-08
2017-09-05 23:45:00+00:00,5.122780154040041e-08
2017-09-05 23:50:00+00:00,5.710973763485216e-08
2017-09-05 23:55:00+00:00,5.541973438684995e-08
2017-09-06 00:00:00+00:00,5.266263051357156e-08
2017-09-06 00:05:00+00:00,5.417209385547232e-08
2017-09-06 00:10:00+00:00,5.298418097434492e-08
2017-09-06 00:15:00+00:00,5.6220500096819754e-08
2017-09-06 00:20:00+00:00,6.677193578394526e-08
2017-09-06 00:25:00+00:00,3.446673247254962e-08
2017-09-06 00:30:00+00:00,5.310519788392253e-08
2017-09-06 00:35:00+00:00,5.641209937097958e-08
2017-09-06 00:40:00+00:00,5.73679519174968e-08
2017-09-06 00:45:00+00:00,5.2024683349429684e-08
2017-09-06 00:50:00+00:00,4.094622574017134e-08
2017-09-06 00:55:00+00:00,5.762396386971288e-08
2017-09-06 01:00:00+00:00,6.881880171331348e-08
2017-09-06 01:05:00+00:00,4.2729108760670904e-08
2017-09-06 01:10:00+00:00,6.191062410958551e-08
2017-09-06 01:15:00+00:00,5.2371798215016854e-08
2017-09-06 01:20:00+00:00,5.4509405233369226e-08
2017-09-06 01:25:00+00:00,4.657681191436841e-08
2017-09-06 01:30:00+00:00,5.232435062115299e-08
2017-09-06 01:35:00+00:00,6.540035675759168e-08
2017-09-06 01:40:00+00:00,5.966124193590165e-08
2017-09-06 01:45:00+00:00,6.885849284327956e-08
2017-09-06 01:50:00+00:00,6.441929511182156e-08
2017-09-06 01:55:00+00:00,5.8512693431436616e-08
2017-09-06 02:00:00+00:00,6.895147620934234e-08
2017-09-06 02:05:00+00:00,5.8511945269906394e-08
2017-09-06 02:10:00+00:00,6.162390541437648e-08
2017-09-06 02:15:00+00:00,5.262743237172234e-08
2017-09-06 02:20:00+00:00,5.553236652687364e-08
2017-09-06 02:25:00+00:00,4.9420609413597785e-08
2017-09-06 02:30:00+00:00,6.291667147675883e-08
2017-09-06 02:35:00+00:00,4.557357101508108e-08
2017-09-06 02:40:00+00:00,6.12588027393413e-08
2017-09-06 02:45:00+00:00,5.3474791539958725e-08
2017-09-06 02:50:00+00:00,6.436997674773856e-08
2017-09-06 02:55:00+00:00,6.100695190985008e-08
2017-09-06 03:00:00+00:00,6.956516926117441e-08
2017-09-06 03:05:00+00:00,6.084619752910916e-08
2017-09-06 03:10:00+00:00,4.242367795477408e-08
2017-09-06 03:15:00+00:00,5.44643746168144e-08
2017-09-06 03:20:00+00:00,4.562394245924148e-08
2017-09-06 03:25:00+00:00,5.08537612610698e-08
2017-09-06 03:30:00+00:00,6.708982746621377e-08
2017-09-06 03:35:00+00:00,6.010027048718158e-08
2017-09-06 03:40:00+00:00,4.940855657137003e-08
2017-09-06 03:45:00+00:00,4.689026106847681e-08
2017-09-06 03:50:00+00:00,5.5262256743010086e-08
2017-09-06 03:55:00+00:00,4.526751880495098e-08
2017-09-06 04:00:00+00:00,4.963087778082735e-08
2017-09-06 04:05:00+00:00,5.7496075772409955e-08
2017-09-06 04:10:00+00:00,6.424249628885357e-08
2017-09-06 04:15:00+00:00,5.987009177779553e-08
2017-09-06 04:20:00+00:00,3.66696839312152e-08
2017-09-06 04:25:00+00:00,5.7434933832242084e-08
2017-09-06 04:30:00+00:00,5.557626858586063e-08
2017-09-06 04:35:00+00:00,5.831112228298155e-08
2017-09-06 04:40:00+00:00,6.792967745320966e-08
2017-09-06 04:45:00+00:00,3.849409378556206e-08
2017-09-06 04:50:00+00:00,5.027117259847116e-08
2017-09-06 04:55:00+00:00,5.972725058234685e-08
2017-09-06 05:00:00+00:00,4.234724480436847e-08
2017-09-06 05:05:00+00:00,6.680759238442807e-08
2017-09-06 05:10:00+00:00,5.794685290160527e-08
2017-09-06 05:15:00+00:00,6.177267188674723e-08
2017-09-06 05:20:00+00:00,5.0432450707825646e-08
2017-09-06 05:25:00+00:00,6.151010951972969e-08
2017-09-06 05:30:00+00:00,6.354777244791231e-08
2017-09-06 05:35:00+00:00,5.686302416109735e-08
2017-09-06 05:40:00+00:00,5.687520714158957e-08
2017-09-06 05:45:00+00:00,5.716274591425381e-08
2017-09-06 05:50:00+00:00,4.809323788208495e-08
2017-09-06 05:55:00+00:00,5.381977055807718e-08
2017-09-06 06:00:00+00:00,5.377981974038113e-08
2017-09-06 06:05:00+00:00,5.8067150914827963e-08
2017-09-06 06:10:00+00:00,6.299859397528236e-08
2017-09-06 06:15:00+00:00,4.653171134417273e-08
2017-09-06 06:20:00+00:00,5.3999927757443385e-08
2017-09-06 06:25:00+00:00,6.685164438127179e-08
2017-09-06 06:30:00+00:00,4.905129416949961e-08
2017-09-06 06:35:00+00:00,4.842199986168265e-08
2017-09-06 06:40:00+00:00,5.6618449534832675e-08
2017-09-06 06:45:00+00:00,6.175508152929036e-08
2017-09-06 06:50:00+00:00,5.509140857872788e-08
2017-09-06 06:55:00+00:00,6.563168752480777e-08
2017-09-06 07:00:00+00:00,6.185440100042381e-08
2017-09-06 07:05:00+00:00,6.173528515222477e-08
2017-09-06 07:10:00+00:00,5.944191424988326e-08
2017-09-06 07:15:00+00:00,7.371482188548412e-08
2017-09-06 07:20:00+00:00,5.4178570186928955e-08
2017-09-06 07:25:00+00:00,4.500884220921281e-08
2017-09-06 07:30:00+00:00,1.0520250373564742e-07
2017-09-06 07:35:00+00:00,2.457801920780564e-07
2017-09-06 07:40:00+00:00,9.063654742387611e-07
2017-09-06 07:45:00+00:00,3.192730470961024e-06
2017-09-06 07:50:00+00:00,9.708307320821161e-06
2017-09-06 07:55:00+00:00,2.5160574024418266e-05
2017-09-06 08:00:00+00:00,5.489967570750821e-05
2017-09-06 08:05:00+00:00,0.00010077198649943493
2017-09-06 08:10:00+00:00,0.00015552113822154572
2017-09-06 08:15:00+00:00,0.00020176737176378888
2017-09-06 08:20:00+00:00,0.00022005721019343464
2017-09-06 08:25:00+00:00,0.00020175187613397522
2017-09-06 08:30:00+00:00,0.00015549914030120452
2017-09-06 08:35:00+00:00,0.00010077877441843826
2017-09-06 08:40:00+00:00,5.490871172273605e-05
2017-09-06 08:45:00+00:00,2.5174262288304848e-05
2017-09-06 08:50:00+00:00,9.726741026159403e-06
2017-09-06 08:55:00+00:00,3.183359996938609e-06
2017-09-06 09:00:00+00:00,9.115834953670237e-07
2017-09-06 09:05:00+00:00,0.00021870299182280998
2017-09-06 09:10:00+00:00,0.00021469365613191091
2017-09-06 09:15:00+00:00,0.00020816044577338545
2017-09-06 09:20:00+00:00,0.00019936370515278147
2017-09-06 09:25:00+00:00,0.00018859589032453464
2017-09-06 09:30:00+00:00,0.00017622379286950192
2017-09-06 09:35:00+00:00,0.000162629935252313
2017-09-06 09:40:00+00:00,0.0001482596295144532
2017-09-06 09:45:00+00:00,0.00013348961843828594
2017-09-06 09:50:00+00:00,0.00011872371146266695
2017-09-06 09:55:00+00:00,0.00010430351902247041
2017-09-06 10:00:00+00:00,9.0483797398988e-05
2017-09-06 10:05:00+00:00,7.755585398077985e-05
2017-09-06 10:10:00+00:00,6.565810946418324e-05
2017-09-06 10:15:00+00:00,5.491933713435338e-05
2017-09-06 10:20:00+00:00,4.551087480920459e-05
2017-09-06 10:25:00+00:00,3.7837066023304815e-05
2017-09-06 10:30:00+00:00,3.342178896923344e-05
2017-09-06 10:35:00+00:00,3.697059008472801e-05
2017-09-06 10:40:00+00:00,5.954981950669918e-05
2017-09-06 10:45:00+00:00,0.00012069633459370365
2017-09-06 10:50:00+00:00,0.00024304121839921345
2017-09-06 10:55:00+00:00,0.00043425055057083573
2017-09-06 11:00:00+00:00,0.0006635230455935447
2017-09-06 11:05:00+00:00,0.000857367906064804
2017-09-06 11:10:00+00:00,0.000933440102822844
2017-09-06 11:15:00+00:00,0.0008551626157770998
2017-09-06 11:20:00+00:00,0.000658971204478311
2017-09-06 11:25:00+00:00,0.00042706134022021133
2017-09-06 11:30:00+00:00,0.0002328094852737245
2017-09-06 11:35:00+00:00,0.00010682284279578003
2017-09-06 11:40:00+00:00,4.1300887483252355e-05
2017-09-06 11:45:00+00:00,1.3542747640873692e-05
2017-09-06 11:50:00+00:00,3.8171204503255085e-06
2017-09-06 11:55:00+00:00,9.951507056735903e-07
2017-09-06 12:00:00+00:00,2.857197941351625e-07
2017-09-06 12:05:00+00:00,0.0009289256080653935
2017-09-06 12:10:00+00:00,0.0009218619926652752
2017-09-06 12:15:00+00:00,0.0009084935927508581
2017-09-06 12:20:00+00:00,0.0008891396873197377
2017-09-06 12:25:00+00:00,0.0008641739146332568
2017-09-06 12:30:00+00:00,0.0008341058274815795
2017-09-06 12:35:00+00:00,0.0007995193230584096
2017-09-06 12:40:00+00:00,0.0007610516131542929
2017-09-06 12:45:00+00:00,0.0007194307523110552
2017-09-06 12:50:00+00:00,0.0006753769673582075
2017-09-06 12:55:00+00:00,0.0006296412747807162
2017-09-06 13:00:00+00:00,0.000582921347453529
2017-09-06 13:05:00+00:00,0.0005359363041436475
2017-09-06 13:10:00+00:00,0.0004893570080727564
2017-09-06 13:15:00+00:00,0.0004437066900143838
2017-09-06 13:20:00+00:00,0.00039955227227658074
2017-09-06 13:25:00+00:00,0.0003572877872023479
2017-09-06 13:30:00+00:00,0.00031728457848018463
2017-09-06 13:35:00+00:00,0.0002798184894690856
2017-09-06 13:40:00+00:00,0.0002450797933791466
2017-09-06 13:45:00+00:00,0.00021316113730008644
2017-09-06 13:50:00+00:00,0.000184101345407759
2017-09-06 13:55:00+00:00,0.00015791688144025395
2017-09-06 14:00:00+00:00,0.00013452750132835576
2017-09-06 14:05:00+00:00,0.00011379044634763923
2017-09-06 14:10:00+00:00,9.56056924331978e-05
2017-09-06 14:15:00+00:00,7.976351632980846e-05
2017-09-06 14:20:00+00:00,6.609249024585416e-05
2017-09-06 14:25:00+00:00,5.437665627310364e-05
2017-09-06 14:30:00+00:00,4.442998168025826e-05
2017-09-06 14:35:00+00:00,3.605338255976325e-05
2017-09-06 14:40:00+00:00,2.9065396854714117e-05
2017-09-06 14:45:00+00:00,2.327206717079761e-05
2017-09-06 14:50:00+00:00,1.850487257958727e-05
2017-09-06 14:55:00+00:00,1.4631968306259926e-05
2017-09-06 15:00:00+00:00,1.1475432526231818e-05
2017-09-06 15:05:00+00:00,8.928484648439299e-06
2017-09-06 15:10:00+00:00,6.92181828765712e-06
2017-09-06 15:15:00+00:00,5.32006778777001e-06
2017-09-06 15:20:00+00:00,4.068316296394517e-06
2017-09-06 15:25:00+00:00,3.0960413766797404e-06
2017-09-06 15:30:00+00:00,2.3447926771908492e-06
2017-09-06 15:35:00+00:00,1.7579160040969706e-06
2017-09-06 15:40:00+00:00,1.3279504255638733e-06
2017-09-06 15:45:00+00:00,9.767481565285736e-07
2017-09-06 15:50:00+00:00,7.356269620577402e-07
2017-09-06 15:55:00+00:00,5.699125439920882e-07
2017-09-06 16:00:00+00:00,4.1306488888613513e-07
2017-09-06 16:05:00+00:00,3.215744508535456e-07
2017-09-06 16:10:00+00:00,2.371345392873999e-07
2017-09-06 16:15:00+00:00,1.8774491419961003e-07
2017-09-06 16:20:00+00:00,1.4437771127739062e-07
2017-09-06 16:25:00+00:00,1.1619831678236103e-07
2017-09-06 16:30:00+00:00,9.20402017450518e-08
2017-09-06 16:35:00+00:00,8.822713948807557e-08
2017-09-06 16:40:00+00:00,6.888050001160617e-08
2017-09-06 16:45:00+00:00,7.626266087908262e-08
2017-09-06 16:50:00+00:00,8.25815353886908e-08
2017-09-06 16:55:00+00:00,9.963780296641216e-08
2017-09-06 17:00:00+00:00,1.6664441427906786e-07
2017-09-06 17:05:00+00:00,3.4673191079909546e-07
2017-09-06 17:10:00+00:00,6.776747853549318e-07
2017-09-06 17:15:00+00:00,1.2082136172127326e-06
2017-09-06 17:20:00+00:00,1.8077087395767974e-06
2017-09-06 17:25:00+00:00,2.344927221880055e-06
2017-09-06 17:30:00+00:00,2.539374914478388e-06
2017-09-06 17:35:00+00:00,2.335368363249226e-06
2017-09-06 17:40:00+00:00,1.8326511111920533e-06
2017-09-06 17:45:00+00:00,1.2068193661931792e-06
2017-09-06 17:50:00+00:00,6.726707746464305e-07
2017-09-06 17:55:00+00:00,3.2841270147712695e-07
2017-09-06 18:00:00+00:00,1.4114339355097088e-07
2017-09-06 18:05:00+00:00,2.5011591989567854e-06
2017-09-06 18:10:00+00:00,2.3821604939862623e-06
2017-09-06 18:15:00+00:00,2.1466583732575906e-06
2017-09-06 18:20:00+00:00,1.865898252647697e-06
2017-09-06 18:25:00+00:00,1.5750486104180608e-06
2017-09-06 18:30:00+00:00,1.259393745521534e-06
2017-09-06 18:35:00+00:00,9.908996093066383e-07
2017-09-06 18:40:00+00:00,7.508893301935612e-07
2017-09-06 18:45:00+00:00,5.490580911519483e-07
2017-09-06 18:50:00+00:00,3.9966474170873053e-07
2017-09-06 18:55:00+00:00,2.8006125331985947e-07
2017-09-06 19:00:00+00:00,2.0068354210605065e-07
2017-09-06 19:05:00+00:00,1.3461167356591102e-07
2017-09-06 19:10:00+00:00,1.1178526842798343e-07
2017-09-06 19:15:00+00:00,9.580399149110935e-08
2017-09-06 19:20:00+00:00,6.217886357321285e-08
2017-09-06 19:25:00+00:00,5.5620224626956426e-08
2017-09-06 19:30:00+00:00,6.952080211712721e-08
2017-09-06 19:35:00+00:00,5.529875454317648e-08
2017-09-06 19:40:00+00:00,6.706922791320555e-08
2017-09-06 19:45:00+00:00,5.1829085314593745e-08
2017-09-06 19:50:00+00:00,6.679666842678283e-08
2017-09-06 19:55:00+00:00,5.611543493048127e-08
2017-09-06 20:00:00+00:00,5.709065436271465e-08
2017-09-06 20:05:00+00:00,6.752706081417438e-08
2017-09-06 20:10:00+00:00,5.2109195715158176e-08
2017-09-06 20:15:00+00:00,4.7472187163562055e-08
2017-09-06 20:20:00+00:00,5.1411873775078524e-08
2017-09-06 20:25:00+00:00,5.86187955157878e-08
2017-09-06 20:30:00+00:00,4.2473965497757825e-08
2017-09-06 20:35:00+00:00,6.009977846220693e-08
2017-09-06 20:40:00+00:00,5.0689832647637876e-08
2017-09-06 20:45:00+00:00,6.418250215487082e-08
2017-09-06 20:50:00+00:00,3.584591778834721e-08
2017-09-06 20:55:00+00:00,4.870747385641683e-08
2017-09-06 21:00:00+00:00,4.150825480396695e-08
2017-09-06 21:05:00+00:00,4.8390164272303256e-08
2017-09-06 21:10:00+00:00,5.698132720958926e-08
2017-09-06 21:15:00+00:00,5.3566186996556005e-08
2017-09-06 21:20:00+00:00,5.2972979448447695e-08
2017-09-06 21:25:00+00:00,5.372652102896586e-08
2017-09-06 21:30:00+00:00,5.662710592496078e-08
2017-09-06 21:35:00+00:00,4.693171166445537e-08
2017-09-06 21:40:00+00:00,6.065479712719245e-08
2017-09-06 21:45:00+00:00,6.030132776308387e-08
2017-09-06 21:50:00+00:00,5.808030350124881e-08
2017-09-06 21:55:00+00:00,5.945226754201011e-08
2017-09-06 22:00:00+00:00,5.7371344006469275e-08
2017-09-06 22:05:00+00:00,7.128058642184854e-08
2017-09-06 22:10:00+00:00,5.4303246631579925e-08
2017-09-06 22:15:00+00:00,5.254333425332339e-08
2017-09-06 22:20:00+00:00,4.8971779357140976e-08
2017-09-06 22:25:00+00:00,4.6741898635377304e-08
2017-09-06 22:30:00+00:00,4.50442256991914e-08
2017-09-06 22:35:00+00:00,4.788962149415266e-08
2017-09-06 22:40:00+00:00,5.443455694678343e-08
2017-09-06 22:45:00+00:00,5.767436102798172e-08
2017-09-06 22:50:00+00:00,5.54091364684173e-08
2017-09-06 22:55:00+00:00,4.88757177805623e-08
2017-09-06 23:00:00+00:00,6.220147651215971e-08
2017-09-06 23:05:00+00:00,6.091530137840758e-08
2017-09-06 23:10:00+00:00,5.372281354062387e-08
2017-09-06 23:15:00+00:00,4.9776670842682305e-08
2017-09-06 23:20:00+00:00,5.9387423366638397e-08
2017-09-06 23:25:00+00:00,5.650378869988884e-08
2017-09-06 23:30:00+00:00,4.341498192467962e-08
2017-09-06 23:35:00+00:00,5.4456157952124764e-08
2017-09-06 23:40:00+00:00,5.709628649659505e-08
2017-09-06 23:45:00+00:00,4.780244170809797e-08
2017-09-06 23:50:00+00:00,5.651874714269955e-08
2017-09-06 23:55:00+00:00,4.336142011793769e-08
