timestamp,hard_xray_flux,hard_energy_band,hard_instrument
2017-09-05 00:00:00+00:00,1.2457075619631647e-08,25-100_keV,RHESSI
2017-09-05 00:05:00+00:00,1.0440023840639257e-08,25-100_keV,RHESSI
2017-09-05 00:10:00+00:00,1.3125676793709686e-08,25-100_keV,RHESSI
2017-09-05 00:15:00+00:00,1.341084707458682e-08,25-100_keV,RHESSI
2017-09-05 00:20:00+00:00,9.073447217019246e-09,25-100_keV,RHESSI
2017-09-05 00:25:00+00:00,1.0046730739706523e-08,25-100_keV,RHESSI
2017-09-05 00:30:00+00:00,1.2191760604750927e-08,25-100_keV,RHESSI
2017-09-05 00:35:00+00:00,1.1525636111484627e-08,25-100_keV,RHESSI
2017-09-05 00:40:00+00:00,1.1974798263743567e-08,25-100_keV,RHESSI
2017-09-05 00:45:00+00:00,1.072043410863963e-08,25-100_keV,RHESSI
2017-09-05 00:50:00+00:00,1.3319096962294242e-08,25-100_keV,RHESSI
2017-09-05 00:55:00+00:00,1.3166687903143421e-08,25-100_keV,RHESSI
2017-09-05 01:00:00+00:00,1.2099046046341824e-08,25-100_keV,RHESSI
2017-09-05 01:05:00+00:00,1.369086181045205e-08,25-100_keV,RHESSI
2017-09-05 01:10:00+00:00,1.2701264013378069e-08,25-100_keV,RHESSI
2017-09-05 01:15:00+00:00,1.0711061305675143e-08,25-100_keV,RHESSI
2017-09-05 01:20:00+00:00,1.2553126176123748e-08,25-100_keV,RHESSI
2017-09-05 01:25:00+00:00,1.0561676098756501e-08,25-100_keV,RHESSI
2017-09-05 01:30:00+00:00,1.3317675451960908e-08,25-100_keV,RHESSI
2017-09-05 01:35:00+00:00,1.192511113352062e-08,25-100_keV,RHESSI
2017-09-05 01:40:00+00:00,1.1722706454682109e-08,25-100_keV,RHESSI
2017-09-05 01:45:00+00:00,1.0978605683394088e-08,25-100_keV,RHESSI
2017-09-05 01:50:00+00:00,1.3833812008011045e-08,25-100_keV,RHESSI
2017-09-05 01:55:00+00:00,1.1768205776896797e-08,25-100_keV,RHESSI
2017-09-05 02:00:00+00:00,1.1357508266755338e-08,25-100_keV,RHESSI
2017-09-05 02:05:00+00:00,1.1471799674267656e-08,25-100_keV,RHESSI
2017-09-05 02:10:00+00:00,1.2798463778330022e-08,25-100_keV,RHESSI
2017-09-05 02:15:00+00:00,1.2548166096546117e-08,25-100_keV,RHESSI
2017-09-05 02:20:00+00:00,1.2619098917393983e-08,25-100_keV,RHESSI
2017-09-05 02:25:00+00:00,1.2646231504511824e-08,25-100_keV,RHESSI
2017-09-05 02:30:00+00:00,1.5212471401305694e-08,25-100_keV,RHESSI
2017-09-05 02:35:00+00:00,1.1390377475423077e-08,25-100_keV,RHESSI
2017-09-05 02:40:00+00:00,1.1231635906392694e-08,25-100_keV,RHESSI
2017-09-05 02:45:00+00:00,1.0779340907628183e-08,25-100_keV,RHESSI
2017-09-05 02:50:00+00:00,1.2923969133863243e-08,25-100_keV,RHESSI
2017-09-05 02:55:00+00:00,1.3693458439081337e-08,25-100_keV,RHESSI
2017-09-05 03:00:00+00:00,1.1829078813517688e-08,25-100_keV,RHESSI
2017-09-05 03:05:00+00:00,1.0739765284556207e-08,25-100_keV,RHESSI
2017-09-05 03:10:00+00:00,1.0763278176463141e-08,25-100_keV,RHESSI
2017-09-05 03:15:00+00:00,1.297588918173705e-08,25-100_keV,RHESSI
2017-09-05 03:20:00+00:00,1.3114881256805163e-08,25-100_keV,RHESSI
2017-09-05 03:25:00+00:00,1.2814731402457792e-08,25-100_keV,RHESSI
2017-09-05 03:30:00+00:00,1.100173543906696e-08,25-100_keV,RHESSI
2017-09-05 03:35:00+00:00,1.234824198460008e-08,25-100_keV,RHESSI
2017-09-05 03:40:00+00:00,1.2175028713711092e-08,25-100_keV,RHESSI
2017-09-05 03:45:00+00:00,1.2328032895093519e-08,25-100_keV,RHESSI
2017-09-05 03:50:00+00:00,1.3307143166922285e-08,25-100_keV,RHESSI
2017-09-05 03:55:00+00:00,1.2335393323162024e-08,25-100_keV,RHESSI
2017-09-05 04:00:00+00:00,1.3018370344607842e-08,25-100_keV,RHESSI
2017-09-05 04:05:00+00:00,1.2101368604233337e-08,25-100_keV,RHESSI
2017-09-05 04:10:00+00:00,1.2433679098034976e-08,25-100_keV,RHESSI
2017-09-05 04:15:00+00:00,1.294693233875781e-08,25-100_keV,RHESSI
2017-09-05 04:20:00+00:00,9.8142662702165e-09,25-100_keV,RHESSI
2017-09-05 04:25:00+00:00,1.1520493175464048e-08,25-100_keV,RHESSI
2017-09-05 04:30:00+00:00,1.1294441018560806e-08,25-100_keV,RHESSI
2017-09-05 04:35:00+00:00,1.1041683227634986e-08,25-100_keV,RHESSI
2017-09-05 04:40:00+00:00,1.1587286623159974e-08,25-100_keV,RHESSI
2017-09-05 04:45:00+00:00,1.4242411966851594e-08,25-100_keV,RHESSI
2017-09-05 04:50:00+00:00,1.0701253326460135e-08,25-100_keV,RHESSI
2017-09-05 04:55:00+00:00,1.3452417531887221e-08,25-100_keV,RHESSI
2017-09-05 05:00:00+00:00,9.475695342576292e-09,25-100_keV,RHESSI
2017-09-05 05:05:00+00:00,1.1497672455021337e-08,25-100_keV,RHESSI
2017-09-05 05:10:00+00:00,1.2244129597657509e-08,25-100_keV,RHESSI
2017-09-05 05:15:00+00:00,1.2879333497038918e-08,25-100_keV,RHESSI
2017-09-05 05:20:00+00:00,1.3066839869689282e-08,25-100_keV,RHESSI
2017-09-05 05:25:00+00:00,1.3190020852799887e-08,25-100_keV,RHESSI
2017-09-05 05:30:00+00:00,1.1476912391627343e-08,25-100_keV,RHESSI
2017-09-05 05:35:00+00:00,1.1306472311003149e-08,25-100_keV,RHESSI
2017-09-05 05:40:00+00:00,1.328696382188573e-08,25-100_keV,RHESSI
2017-09-05 05:45:00+00:00,1.1713043512677578e-08,25-100_keV,RHESSI
2017-09-05 05:50:00+00:00,1.0086470514993116e-08,25-100_keV,RHESSI
2017-09-05 05:55:00+00:00,1.0300069178994779e-08,25-100_keV,RHESSI
2017-09-05 06:00:00+00:00,1.0620821570997583e-08,25-100_keV,RHESSI
2017-09-05 06:05:00+00:00,1.2745741116080647e-08,25-100_keV,RHESSI
2017-09-05 06:10:00+00:00,1.2213638604105848e-08,25-100_keV,RHESSI
2017-09-05 06:15:00+00:00,1.3035728031101653e-08,25-100_keV,RHESSI
2017-09-05 06:20:00+00:00,1.13591210304952e-08,25-100_keV,RHESSI
2017-09-05 06:25:00+00:00,1.2237809536615071e-08,25-100_keV,RHESSI
2017-09-05 06:30:00+00:00,1.2938385590951005e-08,25-100_keV,RHESSI
2017-09-05 06:35:00+00:00,1.1535980190419642e-08,25-100_keV,RHESSI
2017-09-05 06:40:00+00:00,1.2685162856336116e-08,25-100_keV,RHESSI
2017-09-05 06:45:00+00:00,1.1007111088400022e-08,25-100_keV,RHESSI
2017-09-05 06:50:00+00:00,1.1455419230152393e-08,25-100_keV,RHESSI
2017-09-05 06:55:00+00:00,1.1427393159002507e-08,25-100_keV,RHESSI
2017-09-05 07:00:00+00:00,1.020624053161644e-08,25-100_keV,RHESSI
2017-09-05 07:05:00+00:00,1.2730458721178373e-08,25-100_keV,RHESSI
2017-09-05 07:10:00+00:00,1.1295896489695914e-08,25-100_keV,RHESSI
2017-09-05 07:15:00+00:00,1.2018741178091531e-08,25-100_keV,RHESSI
2017-09-05 07:20:00+00:00,1.2721119988358863e-08,25-100_keV,RHESSI
2017-09-05 07:25:00+00:00,1.2669796764044916e-08,25-100_keV,RHESSI
2017-09-05 07:30:00+00:00,1.2998077663459179e-08,25-100_keV,RHESSI
2017-09-05 07:35:00+00:00,1.1852271773235865e-08,25-100_keV,RHESSI
2017-09-05 07:40:00+00:00,1.1365052531933769e-08,25-100_keV,RHESSI
2017-09-05 07:45:00+00:00,1.1880422683640401e-08,25-100_keV,RHESSI
2017-09-05 07:50:00+00:00,9.468998349062955e-09,25-100_keV,RHESSI
2017-09-05 07:55:00+00:00,9.829331291365369e-09,25-100_keV,RHESSI
2017-09-05 08:00:00+00:00,1.0015950581468397e-08,25-100_keV,RHESSI
2017-09-05 08:05:00+00:00,1.0504129758597777e-08,25-100_keV,RHESSI
2017-09-05 08:10:00+00:00,1.2599661340085154e-08,25-100_keV,RHESSI
2017-09-05 08:15:00+00:00,1.0641781416959909e-08,25-100_keV,RHESSI
2017-09-05 08:20:00+00:00,1.1432756168940915e-08,25-100_keV,RHESSI
2017-09-05 08:25:00+00:00,1.3948842446679098e-08,25-100_keV,RHESSI
2017-09-05 08:30:00+00:00,1.146560404340786e-08,25-100_keV,RHESSI
2017-09-05 08:35:00+00:00,1.310627335270063e-08,25-100_keV,RHESSI
2017-09-05 08:40:00+00:00,1.0599573479985184e-08,25-100_keV,RHESSI
2017-09-05 08:45:00+00:00,1.1691843663198555e-08,25-100_keV,RHESSI
2017-09-05 08:50:00+00:00,1.0574966917634129e-08,25-100_keV,RHESSI
2017-09-05 08:55:00+00:00,1.1491450386149157e-08,25-100_keV,RHESSI
2017-09-05 09:00:00+00:00,1.3260462206186093e-08,25-100_keV,RHESSI
2017-09-05 09:05:00+00:00,9.409019365211476e-09,25-100_keV,RHESSI
2017-09-05 09:10:00+00:00,1.2651635465318786e-08,25-100_keV,RHESSI
2017-09-05 09:15:00+00:00,1.2356603403498417e-08,25-100_keV,RHESSI
2017-09-05 09:20:00+00:00,1.1108775066454808e-08,25-100_keV,RHESSI
2017-09-05 09:25:00+00:00,9.830913218417318e-09,25-100_keV,RHESSI
2017-09-05 09:30:00+00:00,1.2108194261570804e-08,25-100_keV,RHESSI
2017-09-05 09:35:00+00:00,1.1205760936404296e-08,25-100_keV,RHESSI
2017-09-05 09:40:00+00:00,1.2349014317032056e-08,25-100_keV,RHESSI
2017-09-05 09:45:00+00:00,1.2032778218285165e-08,25-100_keV,RHESSI
2017-09-05 09:50:00+00:00,1.4402668336981373e-08,25-100_keV,RHESSI
2017-09-05 09:55:00+00:00,1.1640966558790463e-08,25-100_keV,RHESSI
2017-09-05 10:00:00+00:00,1.0464753761067202e-08,25-100_keV,RHESSI
2017-09-05 10:05:00+00:00,1.2268913452434474e-08,25-100_keV,RHESSI
2017-09-05 10:10:00+00:00,1.2329995025957648e-08,25-100_keV,RHESSI
2017-09-05 10:15:00+00:00,1.4038781362860655e-08,25-100_keV,RHESSI
2017-09-05 10:20:00+00:00,1.3252666868871868e-08,25-100_keV,RHESSI
2017-09-05 10:25:00+00:00,1.2535306588724264e-08,25-100_keV,RHESSI
2017-09-05 10:30:00+00:00,1.4194954336829343e-08,25-100_keV,RHESSI
2017-09-05 10:35:00+00:00,1.0216855418515723e-08,25-100_keV,RHESSI
2017-09-05 10:40:00+00:00,1.1040372700875378e-08,25-100_keV,RHESSI
2017-09-05 10:45:00+00:00,1.0610136087891713e-08,25-100_keV,RHESSI
2017-09-05 10:50:00+00:00,1.1415285295266348e-08,25-100_keV,RHESSI
2017-09-05 10:55:00+00:00,9.934970778665652e-09,25-100_keV,RHESSI
2017-09-05 11:00:00+00:00,1.2952726420236862e-08,25-100_keV,RHESSI
2017-09-05 11:05:00+00:00,1.166666595571435e-08,25-100_keV,RHESSI
2017-09-05 11:10:00+00:00,9.793790640588865e-09,25-100_keV,RHESSI
2017-09-05 11:15:00+00:00,1.047663474536291e-08,25-100_keV,RHESSI
2017-09-05 11:20:00+00:00,1.2470363937504594e-08,25-100_keV,RHESSI
2017-09-05 11:25:00+00:00,1.3258934091271471e-08,25-100_keV,RHESSI
2017-09-05 11:30:00+00:00,1.5017191995211057e-08,25-100_keV,RHESSI
2017-09-05 11:35:00+00:00,1.6560185635117493e-08,25-100_keV,RHESSI
2017-09-05 11:40:00+00:00,1.3720037490499179e-08,25-100_keV,RHESSI
2017-09-05 11:45:00+00:00,1.4826233417296024e-08,25-100_keV,RHESSI
2017-09-05 11:50:00+00:00,2.024776462319339e-08,25-100_keV,RHESSI
2017-09-05 11:55:00+00:00,3.2966006253482366e-08,25-100_keV,RHESSI
2017-09-05 12:00:00+00:00,3.578058835703451e-08,25-100_keV,RHESSI
2017-09-05 12:05:00+00:00,3.194140316969709e-08,25-100_keV,RHESSI
2017-09-05 12:10:00+00:00,2.2527688845700645e-08,25-100_keV,RHESSI
2017-09-05 12:15:00+00:00,1.6099354267719243e-08,25-100_keV,RHESSI
2017-09-05 12:20:00+00:00,1.4697393686766651e-08,25-100_keV,RHESSI
2017-09-05 12:25:00+00:00,1.2424964787274515e-08,25-100_keV,RHESSI
2017-09-05 12:30:00+00:00,1.1784143402115343e-08,25-100_keV,RHESSI
2017-09-05 12:35:00+00:00,1.0448263610191183e-08,25-100_keV,RHESSI
2017-09-05 12:40:00+00:00,9.488068749272766e-09,25-100_keV,RHESSI
2017-09-05 12:45:00+00:00,1.1270541503564225e-08,25-100_keV,RHESSI
2017-09-05 12:50:00+00:00,1.191932625611537e-08,25-100_keV,RHESSI
2017-09-05 12:55:00+00:00,1.4651894871732334e-08,25-100_keV,RHESSI
2017-09-05 13:00:00+00:00,1.2195411782224583e-08,25-100_keV,RHESSI
2017-09-05 13:05:00+00:00,1.3474109266534702e-08,25-100_keV,RHESSI
2017-09-05 13:10:00+00:00,1.1251056602191272e-08,25-100_keV,RHESSI
2017-09-05 13:15:00+00:00,1.0222584350374464e-08,25-100_keV,RHESSI
2017-09-05 13:20:00+00:00,1.0552324856651441e-08,25-100_keV,RHESSI
2017-09-05 13:25:00+00:00,1.091216090319637e-08,25-100_keV,RHESSI
2017-09-05 13:30:00+00:00,1.5192704598652745e-08,25-100_keV,RHESSI
2017-09-05 13:35:00+00:00,1.076791998116342e-08,25-100_keV,RHESSI
2017-09-05 13:40:00+00:00,1.3257733805604517e-08,25-100_keV,RHESSI
2017-09-05 13:45:00+00:00,1.064560923286946e-08,25-100_keV,RHESSI
2017-09-05 13:50:00+00:00,1.3397359519311366e-08,25-100_keV,RHESSI
2017-09-05 13:55:00+00:00,1.2577426449158794e-08,25-100_keV,RHESSI
2017-09-05 14:00:00+00:00,1.1765043153512864e-08,25-100_keV,RHESSI
2017-09-05 14:05:00+00:00,1.1938856210796848e-08,25-100_keV,RHESSI
2017-09-05 14:10:00+00:00,1.1017818456855913e-08,25-100_keV,RHESSI
2017-09-05 14:15:00+00:00,1.2669108302223121e-08,25-100_keV,RHESSI
2017-09-05 14:20:00+00:00,1.1317524779488829e-08,25-100_keV,RHESSI
2017-09-05 14:25:00+00:00,1.0161591354349127e-08,25-100_keV,RHESSI
2017-09-05 14:30:00+00:00,1.0083093638520572e-08,25-100_keV,RHESSI
2017-09-05 14:35:00+00:00,1.225888187658318e-08,25-100_keV,RHESSI
2017-09-05 14:40:00+00:00,1.4368636884615653e-08,25-100_keV,RHESSI
2017-09-05 14:45:00+00:00,1.2239987420360157e-08,25-100_keV,RHESSI
2017-09-05 14:50:00+00:00,1.1822042510835176e-08,25-100_keV,RHESSI
2017-09-05 14:55:00+00:00,1.2428739209403814e-08,25-100_keV,RHESSI
2017-09-05 15:00:00+00:00,1.3959002612560237e-08,25-100_keV,RHESSI
2017-09-05 15:05:00+00:00,1.2329073752045785e-08,25-100_keV,RHESSI
2017-09-05 15:10:00+00:00,1.1383609153749395e-08,25-100_keV,RHESSI
2017-09-05 15:15:00+00:00,1.3659433065089832e-08,25-100_keV,RHESSI
2017-09-05 15:20:00+00:00,1.2643134657692421e-08,25-100_keV,RHESSI
2017-09-05 15:25:00+00:00,1.4303633987993987e-08,25-100_keV,RHESSI
2017-09-05 15:30:00+00:00,1.227485165583286e-08,25-100_keV,RHESSI
2017-09-05 15:35:00+00:00,1.016329645241925e-08,25-100_keV,RHESSI
2017-09-05 15:40:00+00:00,9.947761201131503e-09,25-100_keV,RHESSI
2017-09-05 15:45:00+00:00,1.4476391898346874e-08,25-100_keV,RHESSI
2017-09-05 15:50:00+00:00,1.4585498581174946e-08,25-100_keV,RHESSI
2017-09-05 15:55:00+00:00,1.1730721180076099e-08,25-100_keV,RHESSI
2017-09-05 16:00:00+00:00,1.1425219018296018e-08,25-100_keV,RHESSI
2017-09-05 16:05:00+00:00,1.4192166438363302e-08,25-100_keV,RHESSI
2017-09-05 16:10:00+00:00,1.0339431476934768e-08,25-100_keV,RHESSI
2017-09-05 16:15:00+00:00,1.065790947156626e-08,25-100_keV,RHESSI
2017-09-05 16:20:00+00:00,1.2964990192033567e-08,25-100_keV,RHESSI
2017-09-05 16:25:00+00:00,1.1408092315710615e-08,25-100_keV,RHESSI
2017-09-05 16:30:00+00:00,1.1992317199919893e-08,25-100_keV,RHESSI
2017-09-05 16:35:00+00:00,1.1754835652213247e-08,25-100_keV,RHESSI
2017-09-05 16:40:00+00:00,1.2506361823199413e-08,25-100_keV,RHESSI
2017-09-05 16:45:00+00:00,1.4111222792019391e-08,25-100_keV,RHESSI
2017-09-05 16:50:00+00:00,1.2135877362184407e-08,25-100_keV,RHESSI
2017-09-05 16:55:00+00:00,1.2965908243447977e-08,25-100_keV,RHESSI
2017-09-05 17:00:00+00:00,8.924743066851847e-09,25-100_keV,RHESSI
2017-09-05 17:05:00+00:00,1.192694399373285e-08,25-100_keV,RHESSI
2017-09-05 17:10:00+00:00,1.073545272681446e-08,25-100_keV,RHESSI
2017-09-05 17:15:00+00:00,1.0174985633155993e-08,25-100_keV,RHESSI
2017-09-05 17:20:00+00:00,1.0709608459839075e-08,25-100_keV,RHESSI
2017-09-05 17:25:00+00:00,1.1673814128403413e-08,25-100_keV,RHESSI
2017-09-05 17:30:00+00:00,1.4262573536593403e-08,25-100_keV,RHESSI
2017-09-05 17:35:00+00:00,1.3525365613263248e-08,25-100_keV,RHESSI
2017-09-05 17:40:00+00:00,2.2872769897820644e-08,25-100_keV,RHESSI
2017-09-05 17:45:00+00:00,3.724594323866761e-08,25-100_keV,RHESSI
2017-09-05 17:50:00+00:00,6.003094313546773e-08,25-100_keV,RHESSI
2017-09-05 17:55:00+00:00,8.410388894472454e-08,25-100_keV,RHESSI
2017-09-05 18:00:00+00:00,9.280717315550589e-08,25-100_keV,RHESSI
2017-09-05 18:05:00+00:00,8.460584936793175e-08,25-100_keV,RHESSI
2017-09-05 18:10:00+00:00,6.029069425813583e-08,25-100_keV,RHESSI
2017-09-05 18:15:00+00:00,3.6928283471161924e-08,25-100_keV,RHESSI
2017-09-05 18:20:00+00:00,2.2491034433608266e-08,25-100_keV,RHESSI
2017-09-05 18:25:00+00:00,1.5878699876779427e-08,25-100_keV,RHESSI
2017-09-05 18:30:00+00:00,1.315357976073995e-08,25-100_keV,RHESSI
2017-09-05 18:35:00+00:00,1.0548417181104581e-08,25-100_keV,RHESSI
2017-09-05 18:40:00+00:00,1.2162571682674012e-08,25-100_keV,RHESSI
2017-09-05 18:45:00+00:00,1.2345547718999794e-08,25-100_keV,RHESSI
2017-09-05 18:50:00+00:00,1.5776509188554645e-08,25-100_keV,RHESSI
2017-09-05 18:55:00+00:00,1.4815288513550532e-08,25-100_keV,RHESSI
2017-09-05 19:00:00+00:00,1.072013619256015e-08,25-100_keV,RHESSI
2017-09-05 19:05:00+00:00,1.1568925011208924e-08,25-100_keV,RHESSI
2017-09-05 19:10:00+00:00,9.804836999076283e-09,25-100_keV,RHESSI
2017-09-05 19:15:00+00:00,1.1113939479103585e-08,25-100_keV,RHESSI
2017-09-05 19:20:00+00:00,1.2473407505386524e-08,25-100_keV,RHESSI
2017-09-05 19:25:00+00:00,1.3808780431332367e-08,25-100_keV,RHESSI
2017-09-05 19:30:00+00:00,1.0906374243384588e-08,25-100_keV,RHESSI
2017-09-05 19:35:00+00:00,1.1018780339898304e-08,25-100_keV,RHESSI
2017-09-05 19:40:00+00:00,8.779066455392017e-09,25-100_keV,RHESSI
2017-09-05 19:45:00+00:00,1.175600111918264e-08,25-100_keV,RHESSI
2017-09-05 19:50:00+00:00,1.0406378382210656e-08,25-100_keV,RHESSI
2017-09-05 19:55:00+00:00,1.120584085895089e-08,25-100_keV,RHESSI
2017-09-05 20:00:00+00:00,1.0684708832748617e-08,25-100_keV,RHESSI
2017-09-05 20:05:00+00:00,1.1858606168621164e-08,25-100_keV,RHESSI
2017-09-05 20:10:00+00:00,9.363407412965054e-09,25-100_keV,RHESSI
2017-09-05 20:15:00+00:00,9.799432131913514e-09,25-100_keV,RHESSI
2017-09-05 20:20:00+00:00,1.5193870668042447e-08,25-100_keV,RHESSI
2017-09-05 20:25:00+00:00,1.0068866128088954e-08,25-100_keV,RHESSI
2017-09-05 20:30:00+00:00,1.0354821632318041e-08,25-100_keV,RHESSI
2017-09-05 20:35:00+00:00,1.4755370292481971e-08,25-100_keV,RHESSI
2017-09-05 20:40:00+00:00,1.635760075386061e-08,25-100_keV,RHESSI
2017-09-05 20:45:00+00:00,1.0242650056761988e-08,25-100_keV,RHESSI
2017-09-05 20:50:00+00:00,1.1447626564817955e-08,25-100_keV,RHESSI
2017-09-05 20:55:00+00:00,1.2512333326410764e-08,25-100_keV,RHESSI
2017-09-05 21:00:00+00:00,1.4593046466608388e-08,25-100_keV,RHESSI
2017-09-05 21:05:00+00:00,1.0519714382357643e-08,25-100_keV,RHESSI
2017-09-05 21:10:00+00:00,1.1632083231086835e-08,25-100_keV,RHESSI
2017-09-05 21:15:00+00:00,1.3166006364092616e-08,25-100_keV,RHESSI
2017-09-05 21:20:00+00:00,1.2652149111699928e-08,25-100_keV,RHESSI
2017-09-05 21:25:00+00:00,1.1435765893154851e-08,25-100_keV,RHESSI
2017-09-05 21:30:00+00:00,1.1799265553225938e-08,25-100_keV,RHESSI
2017-09-05 21:35:00+00:00,9.937656287445027e-09,25-100_keV,RHESSI
2017-09-05 21:40:00+00:00,1.1642739384038002e-08,25-100_keV,RHESSI
2017-09-05 21:45:00+00:00,1.1600418764986567e-08,25-100_keV,RHESSI
2017-09-05 21:50:00+00:00,1.2348254834439385e-08,25-100_keV,RHESSI
2017-09-05 21:55:00+00:00,1.1167009171771475e-08,25-100_keV,RHESSI
2017-09-05 22:00:00+00:00,1.2707307783817708e-08,25-100_keV,RHESSI
2017-09-05 22:05:00+00:00,1.3519073726729743e-08,25-100_keV,RHESSI
2017-09-05 22:10:00+00:00,1.2233143991502698e-08,25-100_keV,RHESSI
2017-09-05 22:15:00+00:00,1.2527634612598805e-08,25-100_keV,RHESSI
2017-09-05 22:20:00+00:00,1.20797330213668e-08,25-100_keV,RHESSI
2017-09-05 22:25:00+00:00,1.2000126589637122e-08,25-100_keV,RHESSI
2017-09-05 22:30:00+00:00,1.0917662949685729e-08,25-100_keV,RHESSI
2017-09-05 22:35:00+00:00,1.2474741392509962e-08,25-100_keV,RHESSI
2017-09-05 22:40:00+00:00,1.1854070102379766e-08,25-100_keV,RHESSI
2017-09-05 22:45:00+00:00,1.5139752463395892e-08,25-100_keV,RHESSI
2017-09-05 22:50:00+00:00,1.4360032353712863e-08,25-100_keV,RHESSI
2017-09-05 22:55:00+00:00,1.2578769828834751e-08,25-100_keV,RHESSI
2017-09-05 23:00:00+00:00,1.0855414185457849e-08,25-100_keV,RHESSI
2017-09-05 23:05:00+00:00,1.0331382792024873e-08,25-100_keV,RHESSI
2017-09-05 23:10:00+00:00,1.3786714429633297e-08,25-100_keV,RHESSI
2017-09-05 23:15:00+00:00,1.2394123837720708e-08,25-100_keV,RHESSI
2017-09-05 23:20:00+00:00,1.2720215105087417e-08,25-100_keV,RHESSI
2017-09-05 23:25:00+00:00,9.383121019538712e-09,25-100_keV,RHESSI
2017-09-05 23:30:00+00:00,1.3391157722337271e-08,25-100_keV,RHESSI
2017-09-05 23:35:00+00:00,1.2681630507321545e-08,25-100_keV,RHESSI
2017-09-05 23:40:00+00:00,1.0334353973378283e-08,25-100_keV,RHESSI
2017-09-05 23:45:00+00:00,1.1292712788825076e-08,25-100_keV,RHESSI
2017-09-05 23:50:00+00:00,1.239557580653478e-08,25-100_keV,RHESSI
2017-09-05 23:55:00+00:00,1.2078700197534365e-08,25-100_keV,RHESSI
2017-09-06 00:00:00+00:00,1.1561743221294667e-08,25-100_keV,RHESSI
2017-09-06 00:05:00+00:00,1.1844767597901059e-08,25-100_keV,RHESSI
2017-09-06 00:10:00+00:00,1.1622033932689672e-08,25-100_keV,RHESSI
2017-09-06 00:15:00+00:00,1.2228843768153703e-08,25-100_keV,RHESSI
2017-09-06 00:20:00+00:00,1.4207237959489735e-08,25-100_keV,RHESSI
2017-09-06 00:25:00+00:00,8.150012338603053e-09,25-100_keV,RHESSI
2017-09-06 00:30:00+00:00,1.1644724603235473e-08,25-100_keV,RHESSI
2017-09-06 00:35:00+00:00,1.226476863205867e-08,25-100_keV,RHESSI
2017-09-06 00:40:00+00:00,1.244399098453065e-08,25-100_keV,RHESSI
2017-09-06 00:45:00+00:00,1.1442128128018065e-08,25-100_keV,RHESSI
2017-09-06 00:50:00+00:00,9.364917326282125e-09,25-100_keV,RHESSI
2017-09-06 00:55:00+00:00,1.2491993225571165e-08,25-100_keV,RHESSI
2017-09-06 01:00:00+00:00,1.4591025321246278e-08,25-100_keV,RHESSI
2017-09-06 01:05:00+00:00,9.699207892625794e-09,25-100_keV,RHESSI
2017-09-06 01:10:00+00:00,1.3295742020547281e-08,25-100_keV,RHESSI
2017-09-06 01:15:00+00:00,1.1507212165315658e-08,25-100_keV,RHESSI
2017-09-06 01:20:00+00:00,1.1908013481256728e-08,25-100_keV,RHESSI
2017-09-06 01:25:00+00:00,1.0420652233944077e-08,25-100_keV,RHESSI
2017-09-06 01:30:00+00:00,1.1498315741466185e-08,25-100_keV,RHESSI
2017-09-06 01:35:00+00:00,1.3950066892048438e-08,25-100_keV,RHESSI
2017-09-06 01:40:00+00:00,1.2873982862981561e-08,25-100_keV,RHESSI
2017-09-06 01:45:00+00:00,1.4598467408114916e-08,25-100_keV,RHESSI
2017-09-06 01:50:00+00:00,1.376611783346654e-08,25-100_keV,RHESSI
2017-09-06 01:55:00+00:00,1.2658630018394365e-08,25-100_keV,RHESSI
2017-09-06 02:00:00+00:00,1.4615901789251688e-08,25-100_keV,RHESSI
2017-09-06 02:05:00+00:00,1.2658489738107449e-08,25-100_keV,RHESSI
2017-09-06 02:10:00+00:00,1.3241982265195588e-08,25-100_keV,RHESSI
2017-09-06 02:15:00+00:00,1.1555143569697937e-08,25-100_keV,RHESSI
2017-09-06 02:20:00+00:00,1.2099818723788807e-08,25-100_keV,RHESSI
2017-09-06 02:25:00+00:00,1.0953864265049584e-08,25-100_keV,RHESSI
2017-09-06 02:30:00+00:00,1.3484375901892279e-08,25-100_keV,RHESSI
2017-09-06 02:35:00+00:00,1.0232544565327702e-08,25-100_keV,RHESSI
2017-09-06 02:40:00+00:00,1.3173525513626492e-08,25-100_keV,RHESSI
2017-09-06 02:45:00+00:00,1.171402341374226e-08,25-100_keV,RHESSI
2017-09-06 02:50:00+00:00,1.3756870640200978e-08,25-100_keV,RHESSI
2017-09-06 02:55:00+00:00,1.3126303483096889e-08,25-100_keV,RHESSI
2017-09-06 03:00:00+00:00,1.4730969236470203e-08,25-100_keV,RHESSI
2017-09-06 03:05:00+00:00,1.3096162036707967e-08,25-100_keV,RHESSI
2017-09-06 03:10:00+00:00,9.641939616520139e-09,25-100_keV,RHESSI
2017-09-06 03:15:00+00:00,1.1899570240652699e-08,25-100_keV,RHESSI
2017-09-06 03:20:00+00:00,1.0241989211107777e-08,25-100_keV,RHESSI
2017-09-06 03:25:00+00:00,1.1222580236450588e-08,25-100_keV,RHESSI
2017-09-06 03:30:00+00:00,1.4266842649915083e-08,25-100_keV,RHESSI
2017-09-06 03:35:00+00:00,1.2956300716346543e-08,25-100_keV,RHESSI
2017-09-06 03:40:00+00:00,1.095160435713188e-08,25-100_keV,RHESSI
2017-09-06 03:45:00+00:00,1.0479423950339402e-08,25-100_keV,RHESSI
2017-09-06 03:50:00+00:00,1.204917313931439e-08,25-100_keV,RHESSI
2017-09-06 03:55:00+00:00,1.0175159775928308e-08,25-100_keV,RHESSI
2017-09-06 04:00:00+00:00,1.0993289583905128e-08,25-100_keV,RHESSI
2017-09-06 04:05:00+00:00,1.2468014207326866e-08,25-100_keV,RHESSI
2017-09-06 04:10:00+00:00,1.3732968054160044e-08,25-100_keV,RHESSI
2017-09-06 04:15:00+00:00,1.2913142208336659e-08,25-100_keV,RHESSI
2017-09-06 04:20:00+00:00,8.56306573710285e-09,25-100_keV,RHESSI
2017-09-06 04:25:00+00:00,1.245655009354539e-08,25-100_keV,RHESSI
2017-09-06 04:30:00+00:00,1.2108050359848868e-08,25-100_keV,RHESSI
2017-09-06 04:35:00+00:00,1.262083542805904e-08,25-100_keV,RHESSI
2017-09-06 04:40:00+00:00,1.442431452247681e-08,25-100_keV,RHESSI
2017-09-06 04:45:00+00:00,8.905142584792885e-09,25-100_keV,RHESSI
2017-09-06 04:50:00+00:00,1.1113344862213341e-08,25-100_keV,RHESSI
2017-09-06 04:55:00+00:00,1.2886359484190032e-08,25-100_keV,RHESSI
2017-09-06 05:00:00+00:00,9.627608400819087e-09,25-100_keV,RHESSI
2017-09-06 05:05:00+00:00,1.4213923572080263e-08,25-100_keV,RHESSI
2017-09-06 05:10:00+00:00,1.2552534919050988e-08,25-100_keV,RHESSI
2017-09-06 05:15:00+00:00,1.3269875978765107e-08,25-100_keV,RHESSI
2017-09-06 05:20:00+00:00,1.1143584507717308e-08,25-100_keV,RHESSI
2017-09-06 05:25:00+00:00,1.3220645534949315e-08,25-100_keV,RHESSI
2017-09-06 05:30:00+00:00,1.3602707333983558e-08,25-100_keV,RHESSI
2017-09-06 05:35:00+00:00,1.2349317030205753e-08,25-100_keV,RHESSI
2017-09-06 05:40:00+00:00,1.2351601339048044e-08,25-100_keV,RHESSI
2017-09-06 05:45:00+00:00,1.240551485892259e-08,25-100_keV,RHESSI
2017-09-06 05:50:00+00:00,1.0704982102890928e-08,25-100_keV,RHESSI
2017-09-06 05:55:00+00:00,1.177870697963947e-08,25-100_keV,RHESSI
2017-09-06 06:00:00+00:00,1.1771216201321462e-08,25-100_keV,RHESSI
2017-09-06 06:05:00+00:00,1.2575090796530243e-08,25-100_keV,RHESSI
2017-09-06 06:10:00+00:00,1.3499736370365441e-08,25-100_keV,RHESSI
2017-09-06 06:15:00+00:00,1.0412195877032386e-08,25-100_keV,RHESSI
2017-09-06 06:20:00+00:00,1.1812486454520634e-08,25-100_keV,RHESSI
2017-09-06 06:25:00+00:00,1.422218332148846e-08,25-100_keV,RHESSI
2017-09-06 06:30:00+00:00,1.0884617656781153e-08,25-100_keV,RHESSI
2017-09-06 06:35:00+00:00,1.0766624974064519e-08,25-100_keV,RHESSI
2017-09-06 06:40:00+00:00,1.230345928774679e-08,25-100_keV,RHESSI
2017-09-06 06:45:00+00:00,1.3266577785727994e-08,25-100_keV,RHESSI
2017-09-06 06:50:00+00:00,1.2017139083341323e-08,25-100_keV,RHESSI
2017-09-06 06:55:00+00:00,1.399344088566217e-08,25-100_keV,RHESSI
2017-09-06 07:00:00+00:00,1.3285190973967715e-08,25-100_keV,RHESSI
2017-09-06 07:05:00+00:00,1.3262730102165674e-08,25-100_keV,RHESSI
2017-09-06 07:10:00+00:00,1.283117477699998e-08,25-100_keV,RHESSI
2017-09-06 07:15:00+00:00,1.5491479951387906e-08,25-100_keV,RHESSI
2017-09-06 07:20:00+00:00,1.1692260652212264e-08,25-100_keV,RHESSI
2017-09-06 07:25:00+00:00,8.994746250278839e-09,25-100_keV,RHESSI
2017-09-06 07:30:00+00:00,1.4406625098426185e-08,25-100_keV,RHESSI
2017-09-06 07:35:00+00:00,1.1315209655837818e-08,25-100_keV,RHESSI
2017-09-06 07:40:00+00:00,1.2173000626030786e-08,25-100_keV,RHESSI
2017-09-06 07:45:00+00:00,1.4026881993921464e-08,25-100_keV,RHESSI
2017-09-06 07:50:00+00:00,9.904718382270578e-09,25-100_keV,RHESSI
2017-09-06 07:55:00+00:00,1.1458329806195363e-08,25-100_keV,RHESSI
2017-09-06 08:00:00+00:00,1.469592119097969e-08,25-100_keV,RHESSI
2017-09-06 08:05:00+00:00,2.7933998616799932e-08,25-100_keV,RHESSI
2017-09-06 08:10:00+00:00,6.329910735539522e-08,25-100_keV,RHESSI
2017-09-06 08:15:00+00:00,1.445970826344414e-07,25-100_keV,RHESSI
2017-09-06 08:20:00+00:00,3.1442111058768626e-07,25-100_keV,RHESSI
2017-09-06 08:25:00+00:00,6.189792399275751e-07,25-100_keV,RHESSI
2017-09-06 08:30:00+00:00,1.089878210638514e-06,25-100_keV,RHESSI
2017-09-06 08:35:00+00:00,1.701919581883046e-06,25-100_keV,RHESSI
2017-09-06 08:40:00+00:00,2.335804622599291e-06,25-100_keV,RHESSI
2017-09-06 08:45:00+00:00,2.8273358658148986e-06,25-100_keV,RHESSI
2017-09-06 08:50:00+00:00,3.013052930439332e-06,25-100_keV,RHESSI
2017-09-06 08:55:00+00:00,2.8268541493054117e-06,25-100_keV,RHESSI
2017-09-06 09:00:00+00:00,2.337652486277812e-06,25-100_keV,RHESSI
2017-09-06 09:05:00+00:00,1.702181868566133e-06,25-100_keV,RHESSI
2017-09-06 09:10:00+00:00,1.0941384628518653e-06,25-100_keV,RHESSI
2017-09-06 09:15:00+00:00,6.200413788591088e-07,25-100_keV,RHESSI
2017-09-06 09:20:00+00:00,3.1373728219794624e-07,25-100_keV,RHESSI
2017-09-06 09:25:00+00:00,1.441059650152079e-07,25-100_keV,RHESSI
2017-09-06 09:30:00+00:00,6.387044515949881e-08,25-100_keV,RHESSI
2017-09-06 09:35:00+00:00,2.8534591293540504e-08,25-100_keV,RHESSI
2017-09-06 09:40:00+00:00,1.787958898073017e-08,25-100_keV,RHESSI
2017-09-06 09:45:00+00:00,1.2937042444668147e-08,25-100_keV,RHESSI
2017-09-06 09:50:00+00:00,1.2131794494337287e-08,25-100_keV,RHESSI
2017-09-06 09:55:00+00:00,1.330683499292045e-08,25-100_keV,RHESSI
2017-09-06 10:00:00+00:00,9.021593184465704e-09,25-100_keV,RHESSI
2017-09-06 10:05:00+00:00,1.0057078306730852e-08,25-100_keV,RHESSI
2017-09-06 10:10:00+00:00,9.777153448126188e-09,25-100_keV,RHESSI
2017-09-06 10:15:00+00:00,8.50075034784164e-09,25-100_keV,RHESSI
2017-09-06 10:20:00+00:00,1.0988929871898386e-08,25-100_keV,RHESSI
2017-09-06 10:25:00+00:00,1.3155827702423059e-08,25-100_keV,RHESSI
2017-09-06 10:30:00+00:00,1.1716592631147083e-08,25-100_keV,RHESSI
2017-09-06 10:35:00+00:00,1.2889726530909334e-08,25-100_keV,RHESSI
2017-09-06 10:40:00+00:00,1.585019091486914e-08,25-100_keV,RHESSI
2017-09-06 10:45:00+00:00,2.150405280735615e-08,25-100_keV,RHESSI
2017-09-06 10:50:00+00:00,3.4991343297161583e-08,25-100_keV,RHESSI
2017-09-06 10:55:00+00:00,7.842363711056356e-08,25-100_keV,RHESSI
2017-09-06 11:00:00+00:00,1.7497415060324882e-07,25-100_keV,RHESSI
2017-09-06 11:05:00+00:00,3.842078384632219e-07,25-100_keV,RHESSI
2017-09-06 11:10:00+00:00,7.879553199981034e-07,25-100_keV,RHESSI
2017-09-06 11:15:00+00:00,1.4753629983280513e-06,25-100_keV,RHESSI
2017-09-06 11:20:00+00:00,2.5183603767021638e-06,25-100_keV,RHESSI
2017-09-06 11:25:00+00:00,3.903046550026609e-06,25-100_keV,RHESSI
2017-09-06 11:30:00+00:00,5.490509538543228e-06,25-100_keV,RHESSI
2017-09-06 11:35:00+00:00,7.006490435135399e-06,25-100_keV,RHESSI
2017-09-06 11:40:00+00:00,8.104857526835933e-06,25-100_keV,RHESSI
2017-09-06 11:45:00+00:00,8.51258924120239e-06,25-100_keV,RHESSI
2017-09-06 11:50:00+00:00,8.105369983200262e-06,25-100_keV,RHESSI
2017-09-06 11:55:00+00:00,7.004621326021345e-06,25-100_keV,RHESSI
2017-09-06 12:00:00+00:00,5.489107531038128e-06,25-100_keV,RHESSI
2017-09-06 12:05:00+00:00,3.90083721631995e-06,25-100_keV,RHESSI
2017-09-06 12:10:00+00:00,2.521085022970117e-06,25-100_keV,RHESSI
2017-09-06 12:15:00+00:00,1.4766763020276857e-06,25-100_keV,RHESSI
2017-09-06 12:20:00+00:00,7.880460701688411e-07,25-100_keV,RHESSI
2017-09-06 12:25:00+00:00,3.838593071820285e-07,25-100_keV,RHESSI
2017-09-06 12:30:00+00:00,1.7385453570056634e-07,25-100_keV,RHESSI
2017-09-06 12:35:00+00:00,7.703509393725182e-08,25-100_keV,RHESSI
2017-09-06 12:40:00+00:00,3.481118368784585e-08,25-100_keV,RHESSI
2017-09-06 12:45:00+00:00,2.0005516612371646e-08,25-100_keV,RHESSI
2017-09-06 12:50:00+00:00,1.4759247450578292e-08,25-100_keV,RHESSI
2017-09-06 12:55:00+00:00,1.4574033889458226e-08,25-100_keV,RHESSI
2017-09-06 13:00:00+00:00,1.1629739479410535e-08,25-100_keV,RHESSI
2017-09-06 13:05:00+00:00,9.81638982669407e-09,25-100_keV,RHESSI
2017-09-06 13:10:00+00:00,1.3607156971477794e-08,25-100_keV,RHESSI
2017-09-06 13:15:00+00:00,1.1503912581089604e-08,25-100_keV,RHESSI
2017-09-06 13:20:00+00:00,1.3672076655006011e-08,25-100_keV,RHESSI
2017-09-06 13:25:00+00:00,1.2575093666343642e-08,25-100_keV,RHESSI
2017-09-06 13:30:00+00:00,1.1803297486225685e-08,25-100_keV,RHESSI
2017-09-06 13:35:00+00:00,1.2523164304323109e-08,25-100_keV,RHESSI
2017-09-06 13:40:00+00:00,1.4926518891659964e-08,25-100_keV,RHESSI
2017-09-06 13:45:00+00:00,1.5115470798767277e-08,25-100_keV,RHESSI
2017-09-06 13:50:00+00:00,1.2104071703173196e-08,25-100_keV,RHESSI
2017-09-06 13:55:00+00:00,1.2240285890014905e-08,25-100_keV,RHESSI
2017-09-06 14:00:00+00:00,1.3614360236202533e-08,25-100_keV,RHESSI
2017-09-06 14:05:00+00:00,1.0731508450849181e-08,25-100_keV,RHESSI
2017-09-06 14:10:00+00:00,1.2499605558927395e-08,25-100_keV,RHESSI
2017-09-06 14:15:00+00:00,1.1961205728069216e-08,25-100_keV,RHESSI
2017-09-06 14:20:00+00:00,1.247086231718633e-08,25-100_keV,RHESSI
2017-09-06 14:25:00+00:00,1.074994679107589e-08,25-100_keV,RHESSI
2017-09-06 14:30:00+00:00,9.615648760036546e-09,25-100_keV,RHESSI
2017-09-06 14:35:00+00:00,8.890524846013062e-09,25-100_keV,RHESSI
2017-09-06 14:40:00+00:00,1.0323923830515589e-08,25-100_keV,RHESSI
2017-09-06 14:45:00+00:00,1.1311987072591e-08,25-100_keV,RHESSI
2017-09-06 14:50:00+00:00,1.1560212620026857e-08,25-100_keV,RHESSI
2017-09-06 14:55:00+00:00,1.4905846743644276e-08,25-100_keV,RHESSI
2017-09-06 15:00:00+00:00,1.3658990054860948e-08,25-100_keV,RHESSI
2017-09-06 15:05:00+00:00,1.055686332548756e-08,25-100_keV,RHESSI
2017-09-06 15:10:00+00:00,1.2521562678676436e-08,25-100_keV,RHESSI
2017-09-06 15:15:00+00:00,1.1389382645474512e-08,25-100_keV,RHESSI
2017-09-06 15:20:00+00:00,1.1573454242939857e-08,25-100_keV,RHESSI
2017-09-06 15:25:00+00:00,1.2277988474123073e-08,25-100_keV,RHESSI
2017-09-06 15:30:00+00:00,1.292875667546309e-08,25-100_keV,RHESSI
2017-09-06 15:35:00+00:00,1.1491112274173977e-08,25-100_keV,RHESSI
2017-09-06 15:40:00+00:00,1.3595777299101538e-08,25-100_keV,RHESSI
2017-09-06 15:45:00+00:00,1.0287092660786394e-08,25-100_keV,RHESSI
2017-09-06 15:50:00+00:00,1.2009508593543402e-08,25-100_keV,RHESSI
2017-09-06 15:55:00+00:00,1.5896510589893748e-08,25-100_keV,RHESSI
2017-09-06 16:00:00+00:00,1.2334619613937913e-08,25-100_keV,RHESSI
2017-09-06 16:05:00+00:00,1.414982175990926e-08,25-100_keV,RHESSI
2017-09-06 16:10:00+00:00,1.2137280267259812e-08,25-100_keV,RHESSI
2017-09-06 16:15:00+00:00,1.2871165642994696e-08,25-100_keV,RHESSI
2017-09-06 16:20:00+00:00,1.1914825208410963e-08,25-100_keV,RHESSI
2017-09-06 16:25:00+00:00,1.1744388628253693e-08,25-100_keV,RHESSI
2017-09-06 16:30:00+00:00,1.083077640491187e-08,25-100_keV,RHESSI
2017-09-06 16:35:00+00:00,1.264545203843633e-08,25-100_keV,RHESSI
2017-09-06 16:40:00+00:00,1.0722694216221347e-08,25-100_keV,RHESSI
2017-09-06 16:45:00+00:00,1.2998377854470144e-08,25-100_keV,RHESSI
2017-09-06 16:50:00+00:00,1.3627930506668865e-08,25-100_keV,RHESSI
2017-09-06 16:55:00+00:00,1.2549797110855849e-08,25-100_keV,RHESSI
2017-09-06 17:00:00+00:00,1.1570626899667642e-08,25-100_keV,RHESSI
2017-09-06 17:05:00+00:00,1.2680948369213183e-08,25-100_keV,RHESSI
2017-09-06 17:10:00+00:00,1.1536990448535494e-08,25-100_keV,RHESSI
2017-09-06 17:15:00+00:00,1.3403323123759228e-08,25-100_keV,RHESSI
2017-09-06 17:20:00+00:00,9.253002673272477e-09,25-100_keV,RHESSI
2017-09-06 17:25:00+00:00,1.149967002476062e-08,25-100_keV,RHESSI
2017-09-06 17:30:00+00:00,9.064760388280585e-09,25-100_keV,RHESSI
2017-09-06 17:35:00+00:00,1.0263805279122889e-08,25-100_keV,RHESSI
2017-09-06 17:40:00+00:00,1.7065860337907797e-08,25-100_keV,RHESSI
2017-09-06 17:45:00+00:00,2.415621113089216e-08,25-100_keV,RHESSI
2017-09-06 17:50:00+00:00,3.4165902516570294e-08,25-100_keV,RHESSI
2017-09-06 17:55:00+00:00,3.974624481593865e-08,25-100_keV,RHESSI
2017-09-06 18:00:00+00:00,3.0798329609735004e-08,25-100_keV,RHESSI
2017-09-06 18:05:00+00:00,2.1998190396035678e-08,25-100_keV,RHESSI
2017-09-06 18:10:00+00:00,1.8650689511558037e-08,25-100_keV,RHESSI
2017-09-06 18:15:00+00:00,1.3158722931659168e-08,25-100_keV,RHESSI
2017-09-06 18:20:00+00:00,1.1211619951892346e-08,25-100_keV,RHESSI
2017-09-06 18:25:00+00:00,1.2700701391189049e-08,25-100_keV,RHESSI
2017-09-06 18:30:00+00:00,9.658674270103498e-09,25-100_keV,RHESSI
2017-09-06 18:35:00+00:00,1.1554017391515052e-08,25-100_keV,RHESSI
2017-09-06 18:40:00+00:00,1.214921624137872e-08,25-100_keV,RHESSI
2017-09-06 18:45:00+00:00,1.1870849022518565e-08,25-100_keV,RHESSI
2017-09-06 18:50:00+00:00,1.31862091825363e-08,25-100_keV,RHESSI
2017-09-06 18:55:00+00:00,1.2516967839354082e-08,25-100_keV,RHESSI
2017-09-06 19:00:00+00:00,1.3002489027161996e-08,25-100_keV,RHESSI
2017-09-06 19:05:00+00:00,1.0967441576653861e-08,25-100_keV,RHESSI
2017-09-06 19:10:00+00:00,1.3346723112615823e-08,25-100_keV,RHESSI
2017-09-06 19:15:00+00:00,1.4443405421435988e-08,25-100_keV,RHESSI
2017-09-06 19:20:00+00:00,1.0544775720522881e-08,25-100_keV,RHESSI
2017-09-06 19:25:00+00:00,1.0668456516428161e-08,25-100_keV,RHESSI
2017-09-06 19:30:00+00:00,1.400367650448035e-08,25-100_keV,RHESSI
2017-09-06 19:35:00+00:00,1.171298401995741e-08,25-100_keV,RHESSI
2017-09-06 19:40:00+00:00,1.4105732088099835e-08,25-100_keV,RHESSI
2017-09-06 19:45:00+00:00,1.1336196432161725e-08,25-100_keV,RHESSI
2017-09-06 19:50:00+00:00,1.4182568364406068e-08,25-100_keV,RHESSI
2017-09-06 19:55:00+00:00,1.2197228725208179e-08,25-100_keV,RHESSI
2017-09-06 20:00:00+00:00,1.2387343234984043e-08,25-100_keV,RHESSI
2017-09-06 20:05:00+00:00,1.4347077032504857e-08,25-100_keV,RHESSI
2017-09-06 20:10:00+00:00,1.1457344283833743e-08,25-100_keV,RHESSI
2017-09-06 20:15:00+00:00,1.0588316856112563e-08,25-100_keV,RHESSI
2017-09-06 20:20:00+00:00,1.1327153687957468e-08,25-100_keV,RHESSI
2017-09-06 20:25:00+00:00,1.2678500925964708e-08,25-100_keV,RHESSI
2017-09-06 20:30:00+00:00,9.651361391729229e-09,25-100_keV,RHESSI
2017-09-06 20:35:00+00:00,1.2956206353976681e-08,25-100_keV,RHESSI
2017-09-06 20:40:00+00:00,1.1191843023573385e-08,25-100_keV,RHESSI
2017-09-06 20:45:00+00:00,1.3721718991100346e-08,25-100_keV,RHESSI
2017-09-06 20:50:00+00:00,8.408609542649292e-09,25-100_keV,RHESSI
2017-09-06 20:55:00+00:00,1.0820151337343748e-08,25-100_keV,RHESSI
2017-09-06 21:00:00+00:00,9.470297773148848e-09,25-100_keV,RHESSI
2017-09-06 21:05:00+00:00,1.0760655800454072e-08,25-100_keV,RHESSI
2017-09-06 21:10:00+00:00,1.2371498851663415e-08,25-100_keV,RHESSI
2017-09-06 21:15:00+00:00,1.1731160061825367e-08,25-100_keV,RHESSI
2017-09-06 21:20:00+00:00,1.1619933646577977e-08,25-100_keV,RHESSI
2017-09-06 21:25:00+00:00,1.1761222692929909e-08,25-100_keV,RHESSI
2017-09-06 21:30:00+00:00,1.2305082360929915e-08,25-100_keV,RHESSI
2017-09-06 21:35:00+00:00,1.0487195937085339e-08,25-100_keV,RHESSI
2017-09-06 21:40:00+00:00,1.3060274461348575e-08,25-100_keV,RHESSI
2017-09-06 21:45:00+00:00,1.2993998955578226e-08,25-100_keV,RHESSI
2017-09-06 21:50:00+00:00,1.2577556906484151e-08,25-100_keV,RHESSI
2017-09-06 21:55:00+00:00,1.2834800164126895e-08,25-100_keV,RHESSI
2017-09-06 22:00:00+00:00,1.244462700121299e-08,25-100_keV,RHESSI
2017-09-06 22:05:00+00:00,1.5052609954096602e-08,25-100_keV,RHESSI
2017-09-06 22:10:00+00:00,1.1869358743421235e-08,25-100_keV,RHESSI
2017-09-06 22:15:00+00:00,1.1539375172498134e-08,25-100_keV,RHESSI
2017-09-06 22:20:00+00:00,1.0869708629463932e-08,25-100_keV,RHESSI
2017-09-06 22:25:00+00:00,1.0451605994133245e-08,25-100_keV,RHESSI
2017-09-06 22:30:00+00:00,1.0133292318598386e-08,25-100_keV,RHESSI
2017-09-06 22:35:00+00:00,1.0666804030153623e-08,25-100_keV,RHESSI
2017-09-06 22:40:00+00:00,1.1893979427521893e-08,25-100_keV,RHESSI
2017-09-06 22:45:00+00:00,1.2501442692746572e-08,25-100_keV,RHESSI
2017-09-06 22:50:00+00:00,1.2076713087828243e-08,25-100_keV,RHESSI
2017-09-06 22:55:00+00:00,1.085169708385543e-08,25-100_keV,RHESSI
2017-09-06 23:00:00+00:00,1.3350276846029945e-08,25-100_keV,RHESSI
2017-09-06 23:05:00+00:00,1.3109119008451422e-08,25-100_keV,RHESSI
2017-09-06 23:10:00+00:00,1.1760527538866974e-08,25-100_keV,RHESSI
2017-09-06 23:15:00+00:00,1.1020625783002932e-08,25-100_keV,RHESSI
2017-09-06 23:20:00+00:00,1.2822641881244699e-08,25-100_keV,RHESSI
2017-09-06 23:25:00+00:00,1.2281960381229157e-08,25-100_keV,RHESSI
2017-09-06 23:30:00+00:00,9.827809110877429e-09,25-100_keV,RHESSI
2017-09-06 23:35:00+00:00,1.1898029616023393e-08,25-100_keV,RHESSI
2017-09-06 23:40:00+00:00,1.2393053718111572e-08,25-100_keV,RHESSI
2017-09-06 23:45:00+00:00,1.065045782026837e-08,25-100_keV,RHESSI
2017-09-06 23:50:00+00:00,1.2284765089256165e-08,25-100_keV,RHESSI
2017-09-06 23:55:00+00:00,9.817766272113317e-09,25-100_keV,RHESSI
